"","BMS1117.89","BMS1117.91","BMS1117.99","BMS1117.93","TGLA53.136","TGLA53.140","TGLA53.138","TGLA53.134","TGLA53.132","TGLA53.142","BMC4214.187","BMC4214.181","BMC4214.185","BMC4214.191","BMC4214.179","BMC4214.175","BM1225.241","BM1225.253","BM1225.269","BM1225.271","BM1225.247","BM1225.249","BM1225.245","BM1225.239","BM1225.235","BM1225.257","BM1225.273","BM1225.267","BM1225.255","BM1225.265","BM47.103","BM47.105","BM47.107","BM47.102","BM47.104","BM47.101","BMS1315.135","BMS1315.141","BMS1315.145","BMS1315.147","BMS1315.137","BMS1315.143","IL4.101","IL4.89","IL4.93","IL4.97","IL4.103","IL4.91","IL4.85","IL4.83","IL4.105","IL4.99","BM2113.143","BM2113.129","BM2113.127","BM2113.141","BM2113.149","BM2113.133","BM2113.131","BM2113.128","BM2113.121","BM2113.145","BMS1716.189","BMS1716.191","BMS1716.195","BMS1716.193","BMS1716.197","BM1706.238","BM1706.232","BM1706.254","BM1706.252","BM1706.250","BM1706.248","BM1706.240","BM1706.236","BMS1675.87","BMS1675.91","BMS1675.85","BMS1675.89","BMS1675.83","BMS1857.160","BMS1857.147","BMS1857.162","BMS1857.143","BMS1857.158","BMS1857.170","BMS1857.154","BMS1857.161","BMS1857.153","BMS1857.149","BMS1857.164","BMS1857.150","BMS1857.159","BMS1857.165","BMS1857.134","BMS1001.115","BMS1001.108","BMS1001.113","BMS1001.109","BMS1001.110","BMS601.172","BMS601.180","BMS601.174","BMS601.178","BMS601.176","BMS601.182","BMS601.170","BM720.229","BM720.231","BM720.225","BM720.227","BM720.233","BM720.255","BM720.221","BM720.223","BM720.213","BM720.203","ILSTS102.143","ILSTS102.145","ILSTS102.147","ILSTS102.157","ILSTS102.133","BMS1074.154","BMS1074.156","BMS1074.160","BMS1074.158","BMS1074.152","BMS1172.88","BMS1172.90","BMS1172.102","BMS1172.100","BMS1172.104","BMS2258.127","BMS2258.140","BMS2258.138","BMS2258.142","BMS2258.148","BMS2258.150","BMS2258.146","BM757.194","BM757.200","BM757.188","BM757.190","BM757.202","BM757.192","BM757.198","BM757.196","SPS115.246","SPS115.250","SPS115.252","SPS115.244","SPS115.254","SPS115.248","BMS527.167","BMS527.175","BMS527.177","BMS527.173","BMS527.165","BMS527.159","BMS527.161","BMS527.163","BMS527.169","BMS527.171","BM2830.150","BM2830.158","BM2830.146","BM2830.166","BM2830.152","BM2830.162","BM2830.142","BM2830.154","BM2830.164","BM2830.156","BM2830.148","INRA194.154","INRA194.156","INRA194.144","INRA194.158","INRA194.160","INRA194.152","INRA194.146","BMS941.83","BMS941.77","BMS941.85","BMS941.81","INRA037.124","INRA037.126","INRA037.132","INRA037.122","INRA037.120","INRA037.136","BM4107.179","BM4107.181","BM4107.165","BM4107.183","BM4107.175","BM4107.157","BM4107.185","TGLA122.142","TGLA122.148","TGLA122.150","TGLA122.138","HUJ246.260","HUJ246.262","HUJ246.256","HUJ246.264","HUJ246.258","HUJ246.266","BMS528.140","BMS528.146","BMS528.150","BMS528.148","BMS528.152","BMS528.142","BMS528.151","BM4440.127","BM4440.131","BM4440.125","BM4440.129","BM4440.123","BM4440.121","TGLA44.153","TGLA44.157","TGLA44.159","TGLA44.155","TGLA44.151","TGLA44.163","BMS510.92","BMS510.95","BMS510.91","BMS510.94","BMS510.90","BMS1355.146","BMS1355.150","BMS1355.148","BMS1355.154","BMS1355.152","BM1824.180","BM1824.184","BM1824.192","BM1824.198","BM1824.196","BM1824.194","BM1824.190","BMS812.108","BMS812.110","BMS812.90","BMS812.106","BMS812.96","BMS812.112","BMS812.94","BMS2639.168","BMS2639.176","BMS2639.166","BMS2639.172","BMS2639.170","BMS2639.178","BMS2639.174","BMS2639.186","BMS2639.158","BMS410.83","BMS410.89","BMS410.95","BMS410.85","BMS410.81","BMS410.91","AGLA232.161","AGLA232.165","AGLA232.168","AGLA232.173","AGLA232.169","AGLA232.159","AGLA232.167","AGLA232.155","AGLA232.175","AGLA232.177","BM17132.85","BM17132.89","BM17132.87","BM17132.91","BM17132.81","BM17132.93","BM17132.95","BM17132.83","BM4028.116","BM4028.118","BM4028.114","BM4028.108","BM4028.112","BM4028.120","BM711.167","BM711.161","BM711.165","BM711.155","BM711.177","INRA133.236","INRA133.240","INRA133.228","INRA133.238","INRA133.224","INRA133.242","INRA133.232","INRA133.246","RM372.130","RM372.134","RM372.114","RM372.118","RM372.128","RM372.122","RM372.132","RM372.136","RM372.120","RM372.119","BM4311.96","BM4311.92","BM4311.102","BM4311.98","BM4311.104","BM4311.100","BM4311.106","BM4311.94","BMS1747.101","BMS1747.103","BMS1747.97","BMS1747.99","BMS1747.95","BMS1747.91","BMS1747.105","BL1036.191","BL1036.181","BL1036.177","BL1036.189","BL1036.179","BL1036.183","BL1036.187","BL1036.193","BM1862.205","BM1862.215","BM1862.211","BM1862.207","BM1862.201","BM1862.202","BMS1862.142","BMS1862.164","BMS1862.144","BMS1862.166","BMS1862.162","BMS1862.158","BMS1862.168","BMS1862.156","BMS1862.160","BMS1862.170","URB011.149","URB011.151","URB011.153","URB011.145","URB011.147","URB011.143","URB011.152"
"EINPP",0.277777777777778,0.694444444444444,0,0.0277777777777778,0.458333333333333,0.125,0.222222222222222,0.180555555555556,0,0.0138888888888889,0.347222222222222,0.0694444444444444,0.263888888888889,0.0138888888888889,0.0555555555555556,0.25,0.541666666666667,0.166666666666667,0.0277777777777778,0.111111111111111,0.0138888888888889,0.0694444444444444,0.0694444444444444,0,0,0,0,0,0,0,0.736111111111111,0.166666666666667,0.0277777777777778,0,0.0694444444444444,0,0.652777777777778,0.125,0,0.125,0.0972222222222222,0,0.138888888888889,0.291666666666667,0.125,0.263888888888889,0,0.0555555555555556,0,0,0.0972222222222222,0.0277777777777778,0.291666666666667,0.305555555555556,0.0972222222222222,0,0.305555555555556,0,0,0,0,0,0.333333333333333,0.347222222222222,0.319444444444444,0,0,0.757142857142857,0.114285714285714,0.0857142857142857,0.0142857142857143,0.0285714285714286,0,0,0,0.486111111111111,0.180555555555556,0.180555555555556,0.152777777777778,0,0.457142857142857,0,0,0.171428571428571,0.0857142857142857,0.0285714285714286,0,0.257142857142857,0,0,0,0,0,0,0,0.375,0.291666666666667,0.333333333333333,0,0,0.3,0.385714285714286,0.157142857142857,0.114285714285714,0.0285714285714286,0.0142857142857143,0,0.470588235294118,0.367647058823529,0.0588235294117647,0,0.102941176470588,0,0,0,0,0,0.642857142857143,0.185714285714286,0.171428571428571,0,0,0.402777777777778,0.152777777777778,0.125,0.319444444444444,0,0.472222222222222,0.319444444444444,0.0416666666666667,0.166666666666667,0,0.375,0.305555555555556,0,0.0277777777777778,0.0694444444444444,0.222222222222222,0,0.557142857142857,0.314285714285714,0,0.0428571428571429,0.0428571428571429,0,0.0428571428571429,0,0.222222222222222,0.444444444444444,0.0555555555555556,0.0416666666666667,0.236111111111111,0,0.0694444444444444,0.513888888888889,0.0277777777777778,0.208333333333333,0.0694444444444444,0,0,0.111111111111111,0,0,0.111111111111111,0.444444444444444,0,0,0.0833333333333333,0.138888888888889,0.0277777777777778,0,0.0694444444444444,0.125,0,0.180555555555556,0.430555555555556,0.236111111111111,0.138888888888889,0.0138888888888889,0,0,0.597222222222222,0,0.0277777777777778,0.375,0.486111111111111,0.0138888888888889,0,0.472222222222222,0.0277777777777778,0,0.291666666666667,0.277777777777778,0.111111111111111,0.208333333333333,0,0,0.111111111111111,0.527777777777778,0.277777777777778,0.166666666666667,0.0277777777777778,0.222222222222222,0.694444444444444,0.0833333333333333,0,0,0,0.402777777777778,0.319444444444444,0.236111111111111,0.0416666666666667,0,0,0,0.555555555555556,0.125,0.125,0.0833333333333333,0.111111111111111,0,0.319444444444444,0.0555555555555556,0.194444444444444,0.416666666666667,0.0138888888888889,0,0.5,0.236111111111111,0.222222222222222,0.0277777777777778,0.0138888888888889,0.652777777777778,0.236111111111111,0.0416666666666667,0.0694444444444444,0,0.361111111111111,0.180555555555556,0.166666666666667,0.263888888888889,0.0277777777777778,0,0,0.611111111111111,0.111111111111111,0,0.236111111111111,0,0.0416666666666667,0,0.333333333333333,0.0972222222222222,0,0.166666666666667,0.347222222222222,0,0.0416666666666667,0.0138888888888889,0,0.319444444444444,0.611111111111111,0.0277777777777778,0.0138888888888889,0,0.0277777777777778,0.722222222222222,0.111111111111111,0,0.166666666666667,0,0,0,0,0,0,0.214285714285714,0.228571428571429,0.457142857142857,0.1,0,0,0,0,0.409090909090909,0.227272727272727,0.227272727272727,0.136363636363636,0,0,0.4,0.442857142857143,0.157142857142857,0,0,0.271428571428571,0.528571428571429,0.128571428571429,0.0571428571428571,0.0142857142857143,0,0,0,0.75,0.180555555555556,0,0.0694444444444444,0,0,0,0,0,0,0.180555555555556,0.305555555555556,0,0.277777777777778,0.236111111111111,0,0,0,0.347222222222222,0.111111111111111,0.0138888888888889,0.180555555555556,0.347222222222222,0,0,0.652777777777778,0.125,0.0972222222222222,0,0.111111111111111,0,0,0.0138888888888889,0.319444444444444,0.180555555555556,0.375,0.0694444444444444,0.0416666666666667,0.0138888888888889,0.138888888888889,0.194444444444444,0.0138888888888889,0.0277777777777778,0.166666666666667,0.111111111111111,0.222222222222222,0.0833333333333333,0,0.0416666666666667,0.777777777777778,0.0925925925925926,0.037037037037037,0.037037037037037,0,0.0555555555555556,0
"NAH",0.5,0.4375,0,0.0625,0.8125,0,0,0.1875,0,0,0.5,0.0625,0.125,0,0.3125,0,0.125,0.5625,0.1875,0,0.125,0,0,0,0,0,0,0,0,0,0.875,0,0,0,0.125,0,0.4375,0.4375,0,0.0625,0.0625,0,0,0.125,0.3125,0.0625,0.4375,0.0625,0,0,0,0,0.375,0.5625,0,0,0.0625,0,0,0,0,0,0.3125,0.4375,0.25,0,0,0.3125,0.3125,0,0.375,0,0,0,0,0.75,0,0,0.25,0,0.5,0.125,0.1875,0,0.125,0,0,0.0625,0,0,0,0,0,0,0,0.8125,0.125,0.0625,0,0,0.5,0.125,0.25,0.0625,0.0625,0,0,0.6875,0.0625,0,0.1875,0.0625,0,0,0,0,0,0.6875,0.125,0.125,0.0625,0,0.0625,0.3125,0.1875,0.4375,0,0.0625,0.75,0.125,0.0625,0,0.625,0,0,0.1875,0,0.0625,0.125,0.625,0.0625,0.25,0.0625,0,0,0,0,0,0.25,0.6875,0,0.0625,0,0.0625,0.0625,0.4375,0.3125,0.125,0,0,0,0,0,0,0,0.375,0.0625,0.5625,0,0,0,0,0,0,0.75,0.0625,0.0625,0,0.125,0,0,0.25,0.5625,0.0625,0.125,0.4375,0.0625,0.25,0.25,0,0,0.125,0,0.4375,0.1875,0.1875,0,0.0625,0.5625,0,0,0.4375,0.4375,0.5625,0,0,0,0,0.125,0.3125,0.375,0.0625,0.125,0,0,0,0.0625,0.625,0.1875,0.125,0,0,0.375,0.3125,0.3125,0,0,0.142857142857143,0.357142857142857,0.5,0,0,0.3125,0.6875,0,0,0,0.625,0.1875,0,0.125,0,0.0625,0,0,0.1875,0.125,0.375,0,0.3125,0,0,0.0625,0.125,0.4375,0.3125,0,0,0.0625,0,0.0625,0.875,0.0625,0,0,0,0.6875,0.0625,0,0.25,0,0,0,0,0,0,0.125,0.5,0.1875,0.0625,0.125,0,0,0,1,0,0,0,0,0,0.8125,0.1875,0,0,0,0.1875,0,0.5,0.3125,0,0,0,0,0.75,0,0,0,0,0,0.25,0,0,0,0,0.25,0.5625,0.1875,0,0,0,0,0.4375,0,0,0.3125,0.25,0,0,0.125,0.8125,0.0625,0,0,0,0,0,0.3125,0.125,0.5,0,0.0625,0,0.25,0,0.333333333333333,0.25,0,0.166666666666667,0,0,0,0,0.285714285714286,0.571428571428571,0.0714285714285714,0,0.0714285714285714,0,0
"WAB",0,0.722222222222222,0.166666666666667,0.111111111111111,0.166666666666667,0,0.833333333333333,0,0,0,0.833333333333333,0.166666666666667,0,0,0,0,0.166666666666667,0.611111111111111,0.222222222222222,0,0,0,0,0,0,0,0,0,0,0,1,0,0,0,0,0,0.611111111111111,0,0.388888888888889,0,0,0,0,0,0.875,0.125,0,0,0,0,0,0,0.722222222222222,0.166666666666667,0.0555555555555556,0,0,0,0.0555555555555556,0,0,0,0.277777777777778,0.333333333333333,0.388888888888889,0,0,0.333333333333333,0.222222222222222,0.444444444444444,0,0,0,0,0,1,0,0,0,0,0.611111111111111,0,0.0555555555555556,0.222222222222222,0,0,0,0.111111111111111,0,0,0,0,0,0,0,0.0555555555555556,0.333333333333333,0.611111111111111,0,0,0.642857142857143,0.214285714285714,0.142857142857143,0,0,0,0,0.0555555555555556,0.277777777777778,0.222222222222222,0.277777777777778,0.166666666666667,0,0,0,0,0,0.722222222222222,0.277777777777778,0,0,0,0.222222222222222,0.555555555555556,0,0.222222222222222,0,0,0.555555555555556,0,0.444444444444444,0,0.611111111111111,0.277777777777778,0.111111111111111,0,0,0,0,1,0,0,0,0,0,0,0,0.166666666666667,0.388888888888889,0.333333333333333,0,0.111111111111111,0,0.111111111111111,0.5,0.277777777777778,0.111111111111111,0,0,0,0,0,0,0.111111111111111,0,0.0555555555555556,0.111111111111111,0.5,0,0,0,0,0,0.222222222222222,0.333333333333333,0,0.666666666666667,0,0,0,0,0.722222222222222,0,0,0.277777777777778,0.388888888888889,0,0.166666666666667,0.111111111111111,0.333333333333333,0,0.388888888888889,0,0.333333333333333,0.277777777777778,0,0,0,0.277777777777778,0.722222222222222,0,0,0.111111111111111,0.888888888888889,0,0,0,0,0.888888888888889,0,0.111111111111111,0,0,0,0,0.666666666666667,0,0.111111111111111,0.166666666666667,0,0.0555555555555556,0.111111111111111,0.111111111111111,0,0.5,0.277777777777778,0,0.111111111111111,0.277777777777778,0.611111111111111,0,0,0.611111111111111,0.388888888888889,0,0,0,0.722222222222222,0.277777777777778,0,0,0,0,0,0.111111111111111,0.222222222222222,0.444444444444444,0.222222222222222,0,0,0,0.333333333333333,0,0,0,0.666666666666667,0,0,0,0,0,0.333333333333333,0,0.555555555555556,0,0.111111111111111,0.444444444444444,0.111111111111111,0,0.222222222222222,0.222222222222222,0,0,0,0,0,0.166666666666667,0,0.611111111111111,0.222222222222222,0,0,0,0,0.75,0.25,0,0,0,0,0.666666666666667,0.333333333333333,0,0,0,0.388888888888889,0,0.555555555555556,0.0555555555555556,0,0,0,0,0,0.222222222222222,0.555555555555556,0.222222222222222,0,0,0,0,0,0,0.111111111111111,0.0555555555555556,0.611111111111111,0.222222222222222,0,0,0,0,0,0.222222222222222,0.166666666666667,0.444444444444444,0.166666666666667,0,0,0.277777777777778,0.5,0,0,0.222222222222222,0,0,0,0.222222222222222,0,0.333333333333333,0,0.444444444444444,0,0,0,0,0.111111111111111,0.111111111111111,0,0.222222222222222,0.555555555555556,0,0,0.333333333333333,0.0833333333333333,0,0.583333333333333,0,0,0
"WENT",0.5,0.5,0,0,0.375,0.375,0,0.125,0.125,0,0.375,0,0.25,0,0.375,0,0,0.625,0,0,0.375,0,0,0,0,0,0,0,0,0,0.875,0.125,0,0,0,0,0.375,0.25,0.375,0,0,0,0,0,0,0.25,0.625,0,0,0.125,0,0,0,0.625,0.125,0.25,0,0,0,0,0,0,0.375,0.625,0,0,0,0.625,0.375,0,0,0,0,0,0,0.625,0,0,0.375,0,0,0,0.75,0,0.25,0,0,0,0,0,0,0,0,0,0,0.375,0,0.625,0,0,0.625,0,0.25,0,0,0,0.125,0.625,0,0.125,0.125,0.125,0,0,0,0,0,1,0,0,0,0,0.125,0.25,0.125,0.5,0,0,0.5,0.5,0,0,0.375,0.375,0,0.25,0,0,0,0.625,0.125,0.25,0,0,0,0,0,0.25,0,0.625,0,0,0.125,0.25,0,0.5,0,0.25,0,0,0,0,0,0.25,0.25,0.125,0.125,0.25,0,0,0,0,0,0,0.5,0.25,0.25,0,0,0,0,0.625,0,0.125,0.25,0.375,0,0.5,0.125,0,0,0,0,0,0.75,0.25,0,0,0.625,0.375,0,0,0.625,0.25,0.125,0,0,0,0.125,0,0.625,0.125,0.125,0,0,0,0,0.625,0.375,0,0,0.125,0.125,0,0.75,0,0,0,0.25,0.625,0.125,0,0.25,0.625,0,0.125,0,0.75,0.125,0,0.125,0,0,0,0.25,0.375,0,0.25,0,0.125,0,0.125,0,0,0.5,0.25,0,0.125,0,0,0.25,0.75,0,0,0,0,0.125,0,0,0.125,0.75,0,0,0,0,0,0.125,0.5,0,0.375,0,0,0,0,0,0,0,0,0,0,0.75,0.125,0.125,0,0,0,0,0.5,0.5,0,0,0,0,0.625,0.125,0,0,0,0,0.25,0,0,0,0,0,0.5,0,0.5,0,0,0,0.25,0,0,0.25,0.5,0,0,0.5,0.5,0,0,0,0,0,0,0.75,0,0.25,0,0,0,0.875,0,0,0,0,0.125,0,0,0,0,0.5,0,0.5,0,0,0,0
"NORD",0.588235294117647,0.411764705882353,0,0,0.235294117647059,0.205882352941176,0.411764705882353,0.147058823529412,0,0,0.529411764705882,0.235294117647059,0,0,0.235294117647059,0,0,0.823529411764706,0,0.0294117647058824,0,0.147058823529412,0,0,0,0,0,0,0,0,1,0,0,0,0,0,0.176470588235294,0.676470588235294,0.117647058823529,0.0294117647058824,0,0,0,0.176470588235294,0.470588235294118,0.0294117647058824,0.323529411764706,0,0,0,0,0,0.147058823529412,0.705882352941177,0,0,0.147058823529412,0,0,0,0,0,0.176470588235294,0.676470588235294,0.147058823529412,0,0,0.235294117647059,0.5,0.0294117647058824,0.235294117647059,0,0,0,0,0.617647058823529,0.0588235294117647,0,0.323529411764706,0,0.0588235294117647,0.294117647058824,0.382352941176471,0,0.264705882352941,0,0,0,0,0,0,0,0,0,0,0.470588235294118,0.323529411764706,0.205882352941176,0,0,0.117647058823529,0,0.794117647058823,0,0.0882352941176471,0,0,0.588235294117647,0.176470588235294,0,0.205882352941176,0.0294117647058824,0,0,0,0,0,1,0,0,0,0,0.0882352941176471,0.264705882352941,0.235294117647059,0.411764705882353,0,0.117647058823529,0.676470588235294,0.205882352941176,0,0,0.205882352941176,0.117647058823529,0,0.470588235294118,0.117647058823529,0,0.0882352941176471,0.470588235294118,0,0.323529411764706,0.205882352941176,0,0,0,0,0,0.117647058823529,0.823529411764706,0.0588235294117647,0,0,0.5,0,0.205882352941176,0.294117647058824,0,0,0,0,0,0,0,0,0.5,0,0.5,0,0,0,0,0,0,0.764705882352941,0,0.147058823529412,0.0294117647058824,0.0294117647058824,0.0294117647058824,0,0.352941176470588,0.235294117647059,0.0294117647058824,0.382352941176471,0.147058823529412,0,0.852941176470588,0,0,0,0.0294117647058824,0,0.294117647058824,0.294117647058824,0.382352941176471,0,0,0.529411764705882,0.264705882352941,0,0.205882352941176,0.323529411764706,0.676470588235294,0,0,0,0,0.470588235294118,0.0294117647058824,0.382352941176471,0.117647058823529,0,0,0,0,0,0.5,0.40625,0.09375,0,0.117647058823529,0.147058823529412,0.235294117647059,0.5,0,0,0.264705882352941,0,0.647058823529412,0.0882352941176471,0,0.0588235294117647,0.882352941176471,0.0588235294117647,0,0,0.470588235294118,0.205882352941176,0,0,0.323529411764706,0,0,0.0294117647058824,0.235294117647059,0.0882352941176471,0.382352941176471,0,0.264705882352941,0,0,0.176470588235294,0.176470588235294,0.352941176470588,0.264705882352941,0.0294117647058824,0,0,0,0.147058823529412,0.441176470588235,0.117647058823529,0.294117647058824,0,0,0.294117647058824,0.205882352941176,0,0.176470588235294,0.323529411764706,0,0,0,0,0,0,0.764705882352941,0.117647058823529,0.117647058823529,0,0,0,0,0.705882352941177,0.205882352941176,0.0588235294117647,0,0.0294117647058824,0,0.941176470588235,0.0588235294117647,0,0,0,0.147058823529412,0,0.647058823529412,0.205882352941176,0,0,0,0,0.588235294117647,0,0.117647058823529,0,0.264705882352941,0,0.0294117647058824,0,0,0,0.352941176470588,0,0.264705882352941,0.117647058823529,0.264705882352941,0,0,0,0.205882352941176,0.323529411764706,0,0.0294117647058824,0.441176470588235,0,0,0.0294117647058824,0.941176470588235,0.0294117647058824,0,0,0,0,0,0.794117647058823,0,0.0588235294117647,0.117647058823529,0.0294117647058824,0,0.176470588235294,0,0.205882352941176,0.441176470588235,0,0.0294117647058824,0.147058823529412,0,0,0,0.264705882352941,0.294117647058824,0.264705882352941,0.147058823529412,0.0294117647058824,0,0
"RL",0.637931034482759,0.310344827586207,0,0.0517241379310345,0.46551724137931,0,0.155172413793103,0.379310344827586,0,0,0.258620689655172,0.0689655172413793,0.482758620689655,0.189655172413793,0,0,0.155172413793103,0.448275862068966,0.103448275862069,0,0.293103448275862,0,0,0,0,0,0,0,0,0,0.982758620689655,0,0,0,0,0.0172413793103448,0.293103448275862,0.137931034482759,0.241379310344828,0.327586206896552,0,0,0,0,0.0689655172413793,0.258620689655172,0.517241379310345,0.155172413793103,0,0,0,0,0.137931034482759,0.637931034482759,0,0.206896551724138,0.0172413793103448,0,0,0,0,0,0.396551724137931,0.551724137931034,0.0517241379310345,0,0,0.344827586206897,0.275862068965517,0.258620689655172,0.0344827586206897,0,0.0862068965517241,0,0,0.517241379310345,0.0862068965517241,0,0.396551724137931,0,0.724137931034483,0,0.241379310344828,0,0.0172413793103448,0,0,0.0172413793103448,0,0,0,0,0,0,0,0.275862068965517,0.206896551724138,0.517241379310345,0,0,0.293103448275862,0,0.293103448275862,0.0517241379310345,0.362068965517241,0,0,0.413793103448276,0.362068965517241,0.206896551724138,0.0172413793103448,0,0,0,0,0,0,0.810344827586207,0,0.155172413793103,0,0.0344827586206897,0.189655172413793,0.5,0.120689655172414,0.189655172413793,0,0,0.793103448275862,0.206896551724138,0,0,0.0517241379310345,0.172413793103448,0,0,0.224137931034483,0.327586206896552,0.224137931034483,0.46551724137931,0,0.172413793103448,0.206896551724138,0.155172413793103,0,0,0,0.0517241379310345,0.137931034482759,0.724137931034483,0,0.0862068965517241,0,0.120689655172414,0.258620689655172,0.172413793103448,0.206896551724138,0.0172413793103448,0,0,0.224137931034483,0,0,0,0.103448275862069,0.137931034482759,0,0.362068965517241,0.0689655172413793,0,0,0,0.327586206896552,0,0.206896551724138,0.0344827586206897,0.655172413793103,0,0.103448275862069,0,0,0.948275862068966,0.0517241379310345,0,0,0.551724137931034,0,0.448275862068966,0,0,0,0,0.0689655172413793,0.0517241379310345,0.431034482758621,0.448275862068966,0,0,0.741379310344828,0.0689655172413793,0.189655172413793,0,0.379310344827586,0.551724137931034,0.0689655172413793,0,0,0,0.0517241379310345,0.344827586206897,0.293103448275862,0.310344827586207,0,0,0,0.0862068965517241,0,0.0172413793103448,0.793103448275862,0.103448275862069,0,0,0.0172413793103448,0,0.724137931034483,0.258620689655172,0,0.431034482758621,0.431034482758621,0.137931034482759,0,0,0.310344827586207,0.637931034482759,0.0517241379310345,0,0,0.672413793103448,0.0689655172413793,0.189655172413793,0.0689655172413793,0,0,0,0.103448275862069,0.0689655172413793,0,0.724137931034483,0.0517241379310345,0.0517241379310345,0,0,0.0172413793103448,0,0.603448275862069,0.310344827586207,0,0.0689655172413793,0,0,0.258620689655172,0.5,0,0.241379310344828,0,0,0.379310344827586,0.103448275862069,0,0.517241379310345,0,0,0,0,0,0,0.46551724137931,0.0862068965517241,0.137931034482759,0.189655172413793,0.120689655172414,0,0,0,1,0,0,0,0,0,0.862068965517241,0.137931034482759,0,0,0,0.396551724137931,0.258620689655172,0.241379310344828,0.103448275862069,0,0,0,0,0.775862068965517,0,0,0.137931034482759,0.0344827586206897,0,0.0517241379310345,0,0,0,0,0,0.482758620689655,0.103448275862069,0.413793103448276,0,0,0,0.189655172413793,0.344827586206897,0,0,0.46551724137931,0,0,0.0862068965517241,0.879310344827586,0,0.0344827586206897,0,0,0,0,0.396551724137931,0.120689655172414,0.275862068965517,0.206896551724138,0,0,0.293103448275862,0,0.137931034482759,0.379310344827586,0,0.0862068965517241,0.103448275862069,0,0,0,0.344827586206897,0,0.0172413793103448,0.637931034482759,0,0,0
"HZ",0.714285714285714,0.166666666666667,0,0.119047619047619,0.452380952380952,0.142857142857143,0.404761904761905,0,0,0,0.595238095238095,0.0714285714285714,0,0.119047619047619,0.214285714285714,0,0,0.619047619047619,0.142857142857143,0,0,0.238095238095238,0,0,0,0,0,0,0,0,0.976190476190476,0,0,0,0.0238095238095238,0,0.119047619047619,0.523809523809524,0.333333333333333,0.0238095238095238,0,0,0,0.0476190476190476,0.452380952380952,0.19047619047619,0.214285714285714,0,0.0952380952380952,0,0,0,0.119047619047619,0.619047619047619,0,0.142857142857143,0.119047619047619,0,0,0,0,0,0.30952380952381,0.357142857142857,0.30952380952381,0.0238095238095238,0,0.595238095238095,0.404761904761905,0,0,0,0,0,0,0.69047619047619,0.166666666666667,0,0.142857142857143,0,0.0714285714285714,0.0238095238095238,0.19047619047619,0,0.666666666666667,0,0,0.0476190476190476,0,0,0,0,0,0,0,0.380952380952381,0.0952380952380952,0.523809523809524,0,0,0.714285714285714,0.0238095238095238,0.119047619047619,0.0476190476190476,0.0952380952380952,0,0,0.357142857142857,0.0952380952380952,0,0.333333333333333,0.214285714285714,0,0,0,0,0,0.952380952380952,0.0476190476190476,0,0,0,0.0238095238095238,0.30952380952381,0.142857142857143,0.523809523809524,0,0,0.785714285714286,0.214285714285714,0,0,0.30952380952381,0.0476190476190476,0.0476190476190476,0.404761904761905,0,0,0.19047619047619,0.523809523809524,0,0.0714285714285714,0.404761904761905,0,0,0,0,0,0.0952380952380952,0.666666666666667,0,0.166666666666667,0.0714285714285714,0.357142857142857,0,0.261904761904762,0.380952380952381,0,0,0,0,0,0,0,0.119047619047619,0.214285714285714,0.0476190476190476,0.595238095238095,0,0,0.0238095238095238,0,0,0,0.476190476190476,0,0.166666666666667,0,0.261904761904762,0.0952380952380952,0,0.5,0.0714285714285714,0,0.428571428571429,0.547619047619048,0.0476190476190476,0.380952380952381,0.0238095238095238,0,0,0.0714285714285714,0,0.285714285714286,0.547619047619048,0.0952380952380952,0,0,0.714285714285714,0.0476190476190476,0.0238095238095238,0.214285714285714,0.380952380952381,0.619047619047619,0,0,0,0,0,0.142857142857143,0.80952380952381,0.0476190476190476,0,0,0,0,0,0.333333333333333,0.666666666666667,0,0,0.166666666666667,0.119047619047619,0.142857142857143,0.571428571428571,0,0,0.166666666666667,0.0714285714285714,0.69047619047619,0.0714285714285714,0,0,0.80952380952381,0.19047619047619,0,0,0.666666666666667,0.166666666666667,0,0,0.166666666666667,0,0,0,0.357142857142857,0.0238095238095238,0.0476190476190476,0,0.571428571428571,0,0,0.0476190476190476,0.285714285714286,0.619047619047619,0.0476190476190476,0,0,0,0,0,0.833333333333333,0.0238095238095238,0.142857142857143,0,0,0.595238095238095,0.142857142857143,0,0.0476190476190476,0.214285714285714,0,0,0,0,0,0.0238095238095238,0.476190476190476,0.261904761904762,0.0952380952380952,0.142857142857143,0,0,0,0.736842105263158,0.236842105263158,0.0263157894736842,0,0,0,0.833333333333333,0.166666666666667,0,0,0,0.0952380952380952,0,0.523809523809524,0.214285714285714,0.166666666666667,0,0,0,0.69047619047619,0,0.0714285714285714,0,0.0952380952380952,0,0.142857142857143,0,0,0,0.125,0.075,0.45,0.15,0.2,0,0,0,0.30952380952381,0.19047619047619,0,0,0.5,0,0,0.142857142857143,0.738095238095238,0.119047619047619,0,0,0,0,0,0.19047619047619,0.0952380952380952,0.452380952380952,0.214285714285714,0.0476190476190476,0,0.0714285714285714,0,0.261904761904762,0.261904761904762,0,0.238095238095238,0.166666666666667,0,0,0,0.119047619047619,0.119047619047619,0.404761904761905,0.357142857142857,0,0,0
"WBNPGR",0.596153846153846,0.326923076923077,0,0.0769230769230769,0.423076923076923,0.0961538461538462,0.307692307692308,0.134615384615385,0.0384615384615385,0,0.384615384615385,0.173076923076923,0.0384615384615385,0.0384615384615385,0.288461538461538,0.0769230769230769,0.0769230769230769,0.576923076923077,0.115384615384615,0.0576923076923077,0.0961538461538462,0.0192307692307692,0.0192307692307692,0.0384615384615385,0,0,0,0,0,0,0.846153846153846,0.134615384615385,0,0.0192307692307692,0,0,0.192307692307692,0.192307692307692,0.576923076923077,0.0384615384615385,0,0,0,0.1,0.16,0.24,0.3,0.1,0.04,0.04,0.02,0,0.25,0.576923076923077,0.0192307692307692,0.0576923076923077,0.0576923076923077,0.0192307692307692,0,0,0,0.0192307692307692,0.557692307692308,0.326923076923077,0.115384615384615,0,0,0.653846153846154,0.269230769230769,0.0192307692307692,0.0384615384615385,0.0192307692307692,0,0,0,0.711538461538462,0.0192307692307692,0,0.269230769230769,0,0.134615384615385,0.115384615384615,0.326923076923077,0,0.211538461538462,0.0576923076923077,0.0384615384615385,0.0769230769230769,0,0.0384615384615385,0,0,0,0,0,0.557692307692308,0.153846153846154,0.288461538461538,0,0,0.384615384615385,0.0192307692307692,0.346153846153846,0.0192307692307692,0.0769230769230769,0.153846153846154,0,0.538461538461538,0.173076923076923,0.134615384615385,0.115384615384615,0.0384615384615385,0,0,0,0,0,0.903846153846154,0.0576923076923077,0.0384615384615385,0,0,0.0769230769230769,0.230769230769231,0.134615384615385,0.557692307692308,0,0.0769230769230769,0.730769230769231,0.115384615384615,0.0769230769230769,0,0.173076923076923,0.403846153846154,0.0576923076923077,0.134615384615385,0.0961538461538462,0.0769230769230769,0.0576923076923077,0.634615384615385,0.0576923076923077,0.25,0.0384615384615385,0,0.0192307692307692,0,0,0.134615384615385,0.0769230769230769,0.711538461538462,0,0.0384615384615385,0.0384615384615385,0.211538461538462,0.153846153846154,0.230769230769231,0.230769230769231,0.0384615384615385,0.0769230769230769,0,0.0576923076923077,0,0,0,0.12,0.22,0.12,0.36,0.14,0,0,0.02,0.02,0,0.596153846153846,0.134615384615385,0.134615384615385,0.0769230769230769,0.0576923076923077,0,0,0.519230769230769,0.0384615384615385,0.0769230769230769,0.365384615384615,0.653846153846154,0,0.230769230769231,0.0961538461538462,0.0192307692307692,0,0.0576923076923077,0.0769230769230769,0.192307692307692,0.480769230769231,0.192307692307692,0,0,0.576923076923077,0.307692307692308,0.115384615384615,0,0.365384615384615,0.538461538461538,0.0769230769230769,0,0.0192307692307692,0,0.192307692307692,0.288461538461538,0.480769230769231,0.0192307692307692,0.0192307692307692,0,0,0.0576923076923077,0.0961538461538462,0.326923076923077,0.423076923076923,0.0961538461538462,0,0.0576923076923077,0.115384615384615,0.192307692307692,0.596153846153846,0.0384615384615385,0,0.346153846153846,0.173076923076923,0.403846153846154,0.0769230769230769,0,0.307692307692308,0.596153846153846,0.0384615384615385,0.0576923076923077,0,0.423076923076923,0.269230769230769,0.134615384615385,0.0384615384615385,0.115384615384615,0,0.0192307692307692,0.153846153846154,0.0961538461538462,0.0192307692307692,0.211538461538462,0,0.519230769230769,0,0.0769230769230769,0.0961538461538462,0.0576923076923077,0.230769230769231,0.346153846153846,0.0576923076923077,0.115384615384615,0.0192307692307692,0,0.153846153846154,0.634615384615385,0.0192307692307692,0.0769230769230769,0.0961538461538462,0.0192307692307692,0.365384615384615,0.192307692307692,0.0192307692307692,0.365384615384615,0.0192307692307692,0,0.0192307692307692,0.0192307692307692,0,0,0.211538461538462,0.346153846153846,0.0961538461538462,0.192307692307692,0.153846153846154,0,0,0,0.5,0.5,0,0,0,0,0.788461538461538,0.153846153846154,0.0384615384615385,0,0.0192307692307692,0.134615384615385,0.0769230769230769,0.423076923076923,0.365384615384615,0,0,0,0,0.519230769230769,0.115384615384615,0.0576923076923077,0.0576923076923077,0.115384615384615,0,0.134615384615385,0,0,0,0.02,0.1,0.3,0.08,0.5,0,0,0,0.288461538461538,0.25,0.0192307692307692,0.230769230769231,0.211538461538462,0,0,0.384615384615385,0.480769230769231,0.0384615384615385,0,0.0576923076923077,0.0384615384615385,0,0,0.519230769230769,0.0769230769230769,0.230769230769231,0.115384615384615,0.0576923076923077,0,0.365384615384615,0.0576923076923077,0.0961538461538462,0.0192307692307692,0.0384615384615385,0.25,0.134615384615385,0.0192307692307692,0,0.0192307692307692,0.230769230769231,0.192307692307692,0.25,0.307692307692308,0,0.0192307692307692,0
"EINPW",0.619047619047619,0.30952380952381,0,0.0714285714285714,0.761904761904762,0.0238095238095238,0.142857142857143,0.0714285714285714,0,0,0.5,0.142857142857143,0,0.0238095238095238,0.333333333333333,0,0.0238095238095238,0.785714285714286,0.142857142857143,0.0238095238095238,0,0,0,0,0,0,0,0.0238095238095238,0,0,0.952380952380952,0,0,0,0.0476190476190476,0,0.214285714285714,0.642857142857143,0.119047619047619,0.0238095238095238,0,0,0,0,0.333333333333333,0.285714285714286,0.30952380952381,0,0.0714285714285714,0,0,0,0.119047619047619,0.714285714285714,0,0.0714285714285714,0.0952380952380952,0,0,0,0,0,0.357142857142857,0.571428571428571,0.0714285714285714,0,0,0.642857142857143,0.214285714285714,0.0476190476190476,0.0952380952380952,0,0,0,0,0.619047619047619,0.119047619047619,0,0.261904761904762,0,0.0476190476190476,0.19047619047619,0.285714285714286,0,0.452380952380952,0.0238095238095238,0,0,0,0,0,0,0,0,0,0.595238095238095,0.0952380952380952,0.30952380952381,0,0,0.205882352941176,0,0.529411764705882,0,0.147058823529412,0.117647058823529,0,0.65,0.15,0.05,0.1,0.05,0,0,0,0,0,0.976190476190476,0,0,0.0238095238095238,0,0.119047619047619,0.214285714285714,0.166666666666667,0.5,0,0.0238095238095238,0.5,0.476190476190476,0,0,0.0952380952380952,0.19047619047619,0.0476190476190476,0.452380952380952,0.119047619047619,0,0.0952380952380952,0.595238095238095,0,0.0476190476190476,0.357142857142857,0,0,0,0,0.0476190476190476,0.166666666666667,0.738095238095238,0,0.0476190476190476,0,0.261904761904762,0.0238095238095238,0.285714285714286,0.428571428571429,0,0,0,0,0,0,0,0,0.119047619047619,0.166666666666667,0.619047619047619,0,0,0.0714285714285714,0.0238095238095238,0,0,0.552631578947368,0.105263157894737,0.289473684210526,0,0.0526315789473684,0,0,0.357142857142857,0.238095238095238,0.0952380952380952,0.30952380952381,0.452380952380952,0.0238095238095238,0.452380952380952,0.0714285714285714,0,0,0.0714285714285714,0,0.19047619047619,0.452380952380952,0.285714285714286,0,0,0.642857142857143,0.166666666666667,0.0476190476190476,0.142857142857143,0.4,0.55,0.05,0,0,0,0.125,0.25,0.5,0.05,0,0.025,0.05,0,0,0.5,0.476190476190476,0.0238095238095238,0,0.0476190476190476,0.142857142857143,0.166666666666667,0.619047619047619,0,0.0238095238095238,0.238095238095238,0.0952380952380952,0.595238095238095,0.0714285714285714,0,0.0952380952380952,0.738095238095238,0.166666666666667,0,0,0.380952380952381,0.214285714285714,0,0.0952380952380952,0.261904761904762,0.0476190476190476,0,0,0.261904761904762,0,0.214285714285714,0,0.523809523809524,0,0,0.0952380952380952,0.214285714285714,0.404761904761905,0.238095238095238,0.0476190476190476,0,0,0,0.0238095238095238,0.69047619047619,0.0714285714285714,0.19047619047619,0.0238095238095238,0,0.619047619047619,0.261904761904762,0,0.0714285714285714,0.0476190476190476,0,0,0,0,0,0.0263157894736842,0.789473684210526,0.105263157894737,0.0526315789473684,0.0263157894736842,0,0,0,0.75,0.25,0,0,0,0,0.880952380952381,0.0952380952380952,0.0238095238095238,0,0,0.0476190476190476,0,0.5,0.428571428571429,0.0238095238095238,0,0,0,0.619047619047619,0.0238095238095238,0.0952380952380952,0,0.0952380952380952,0,0.166666666666667,0,0,0,0.166666666666667,0.142857142857143,0.357142857142857,0.166666666666667,0.166666666666667,0,0,0,0.428571428571429,0.142857142857143,0,0.0714285714285714,0.357142857142857,0,0,0.2,0.725,0.075,0,0,0,0,0,0.357142857142857,0.0714285714285714,0.238095238095238,0.214285714285714,0.119047619047619,0,0.15,0,0.3,0.275,0,0.075,0.2,0,0,0,0.0833333333333333,0.166666666666667,0.5,0.25,0,0,0
"ETH",0.338709677419355,0.516129032258065,0,0.145161290322581,0.629032258064516,0.032258064516129,0.145161290322581,0.193548387096774,0,0,0.532258064516129,0.0645161290322581,0,0,0.403225806451613,0,0.258064516129032,0.580645161290323,0.0483870967741935,0.0806451612903226,0,0.032258064516129,0,0,0,0,0,0,0,0,1,0,0,0,0,0,0.290322580645161,0.419354838709677,0.129032258064516,0.161290322580645,0,0,0,0.112903225806452,0.338709677419355,0.209677419354839,0.338709677419355,0,0,0,0,0,0.274193548387097,0.532258064516129,0,0.129032258064516,0.0645161290322581,0,0,0,0,0,0.354838709677419,0.596774193548387,0.0483870967741935,0,0,0.435483870967742,0.419354838709677,0,0.145161290322581,0,0,0,0,0.596774193548387,0.0806451612903226,0,0.32258064516129,0,0.161290322580645,0.290322580645161,0.112903225806452,0,0.419354838709677,0,0,0.0161290322580645,0,0,0,0,0,0,0,0.435483870967742,0.17741935483871,0.387096774193548,0,0,0.290322580645161,0,0.661290322580645,0,0.0483870967741935,0,0,0.419354838709677,0.0967741935483871,0.032258064516129,0.306451612903226,0.145161290322581,0,0,0,0,0,1,0,0,0,0,0.0161290322580645,0.225806451612903,0.17741935483871,0.580645161290323,0,0.0483870967741935,0.838709677419355,0.112903225806452,0,0,0.145161290322581,0.370967741935484,0.0161290322580645,0.370967741935484,0.0483870967741935,0,0.0483870967741935,0.403225806451613,0,0.161290322580645,0.435483870967742,0,0,0,0,0.161290322580645,0.0967741935483871,0.741935483870968,0,0,0,0.274193548387097,0.032258064516129,0.580645161290323,0.112903225806452,0,0,0,0,0,0,0,0,0.193548387096774,0.145161290322581,0.548387096774194,0,0,0.0806451612903226,0.032258064516129,0,0,0.387096774193548,0.0806451612903226,0.209677419354839,0,0.209677419354839,0.112903225806452,0,0.629032258064516,0.0806451612903226,0.0161290322580645,0.274193548387097,0.645161290322581,0.0483870967741935,0.306451612903226,0,0,0,0.0645161290322581,0,0.145161290322581,0.532258064516129,0.258064516129032,0,0,0.548387096774194,0.17741935483871,0,0.274193548387097,0.387096774193548,0.612903225806452,0,0,0,0,0.0483870967741935,0.209677419354839,0.564516129032258,0.17741935483871,0,0,0,0,0,0.338709677419355,0.596774193548387,0.0645161290322581,0,0.0161290322580645,0.0161290322580645,0.145161290322581,0.82258064516129,0,0,0.290322580645161,0.0161290322580645,0.612903225806452,0.0806451612903226,0,0.032258064516129,0.935483870967742,0.032258064516129,0,0,0.483870967741935,0.145161290322581,0,0.193548387096774,0.129032258064516,0.0483870967741935,0,0,0.17741935483871,0,0.0806451612903226,0,0.741935483870968,0,0,0.32258064516129,0.209677419354839,0.274193548387097,0.17741935483871,0,0.0161290322580645,0,0,0.0483870967741935,0.645161290322581,0.0161290322580645,0.290322580645161,0,0,0.564516129032258,0.17741935483871,0,0.161290322580645,0.0806451612903226,0.0161290322580645,0,0,0,0,0.0967741935483871,0.693548387096774,0.112903225806452,0.032258064516129,0.0645161290322581,0,0,0,0.596774193548387,0.338709677419355,0.0645161290322581,0,0,0,0.919354838709677,0.0806451612903226,0,0,0,0,0,0.741935483870968,0.193548387096774,0.0645161290322581,0,0,0,0.467741935483871,0,0.0967741935483871,0,0.129032258064516,0,0.306451612903226,0,0,0,0.032258064516129,0.258064516129032,0.435483870967742,0.145161290322581,0.129032258064516,0,0,0,0.370967741935484,0.32258064516129,0,0.161290322580645,0.145161290322581,0,0,0.129032258064516,0.67741935483871,0.193548387096774,0,0,0,0,0,0.467741935483871,0.0645161290322581,0.193548387096774,0.241935483870968,0.032258064516129,0,0.209677419354839,0.0161290322580645,0.129032258064516,0.241935483870968,0,0.290322580645161,0.0967741935483871,0.0161290322580645,0,0,0.129032258064516,0.532258064516129,0.209677419354839,0.112903225806452,0.0161290322580645,0,0
"WBNPPAD",0.569767441860465,0.348837209302326,0.0232558139534884,0.0581395348837209,0.421052631578947,0.0394736842105263,0.302631578947368,0.210526315789474,0.0263157894736842,0,0.395348837209302,0.255813953488372,0.104651162790698,0.0348837209302326,0.13953488372093,0.0697674418604651,0.166666666666667,0.488095238095238,0.226190476190476,0.0238095238095238,0.0595238095238095,0.0119047619047619,0,0,0,0,0.0238095238095238,0,0,0,0.813953488372093,0.0465116279069767,0.0116279069767442,0.0232558139534884,0.0930232558139535,0.0116279069767442,0.209302325581395,0.244186046511628,0.441860465116279,0.0930232558139535,0.0116279069767442,0,0,0.0930232558139535,0.232558139534884,0.174418604651163,0.290697674418605,0.0697674418604651,0.0465116279069767,0.0813953488372093,0,0.0116279069767442,0.255813953488372,0.581395348837209,0.0116279069767442,0.0465116279069767,0.0697674418604651,0.0232558139534884,0.0116279069767442,0,0,0,0.558139534883721,0.337209302325581,0.104651162790698,0,0,0.523809523809524,0.238095238095238,0.0714285714285714,0.119047619047619,0.0119047619047619,0.0357142857142857,0,0,0.732558139534884,0.0232558139534884,0,0.244186046511628,0,0.27906976744186,0.0348837209302326,0.151162790697674,0.0116279069767442,0.27906976744186,0.0581395348837209,0.0348837209302326,0.116279069767442,0.0116279069767442,0.0116279069767442,0.0116279069767442,0,0,0,0,0.395348837209302,0.244186046511628,0.36046511627907,0,0,0.430232558139535,0.0697674418604651,0.267441860465116,0.0465116279069767,0.0930232558139535,0.0930232558139535,0,0.546511627906977,0.22093023255814,0.104651162790698,0.0930232558139535,0.0348837209302326,0,0,0,0,0,0.872093023255814,0.0813953488372093,0.0232558139534884,0,0.0232558139534884,0.0930232558139535,0.267441860465116,0.0930232558139535,0.546511627906977,0,0.116279069767442,0.616279069767442,0.22093023255814,0.0465116279069767,0,0.418604651162791,0.244186046511628,0.0465116279069767,0.127906976744186,0.0465116279069767,0.0465116279069767,0.0697674418604651,0.627906976744186,0.0581395348837209,0.13953488372093,0.13953488372093,0.0232558139534884,0,0,0.0116279069767442,0.0595238095238095,0.0952380952380952,0.75,0,0.0833333333333333,0.0119047619047619,0.116279069767442,0.151162790697674,0.348837209302326,0.302325581395349,0.0348837209302326,0.0232558139534884,0,0.0232558139534884,0,0,0,0.127906976744186,0.174418604651163,0.13953488372093,0.453488372093023,0.0697674418604651,0,0,0.0232558139534884,0,0.0116279069767442,0.616279069767442,0.127906976744186,0.127906976744186,0.0116279069767442,0.0930232558139535,0,0.0232558139534884,0.383720930232558,0.0930232558139535,0.0813953488372093,0.441860465116279,0.465116279069767,0.0348837209302326,0.372093023255814,0.0930232558139535,0.0116279069767442,0.0232558139534884,0.0697674418604651,0.104651162790698,0.209302325581395,0.302325581395349,0.302325581395349,0.0116279069767442,0,0.627906976744186,0.197674418604651,0.151162790697674,0.0232558139534884,0.430232558139535,0.430232558139535,0.0813953488372093,0.0348837209302326,0.0232558139534884,0,0.244186046511628,0.27906976744186,0.406976744186047,0.0465116279069767,0.0232558139534884,0,0,0.0813953488372093,0.0581395348837209,0.36046511627907,0.302325581395349,0.197674418604651,0,0.0465116279069767,0.13953488372093,0.174418604651163,0.604651162790698,0.0348837209302326,0,0.255813953488372,0.127906976744186,0.534883720930233,0.0813953488372093,0,0.36046511627907,0.558139534883721,0.0348837209302326,0.0465116279069767,0,0.523255813953488,0.104651162790698,0.174418604651163,0.104651162790698,0.0930232558139535,0,0,0.13953488372093,0.209302325581395,0.0116279069767442,0.267441860465116,0,0.372093023255814,0,0.0232558139534884,0.151162790697674,0.0232558139534884,0.27906976744186,0.313953488372093,0.0116279069767442,0.162790697674419,0.0232558139534884,0.0116279069767442,0.174418604651163,0.534883720930233,0.0697674418604651,0.104651162790698,0.104651162790698,0.0116279069767442,0.348837209302326,0.27906976744186,0.0232558139534884,0.209302325581395,0.104651162790698,0,0.0116279069767442,0.0232558139534884,0,0,0.186046511627907,0.523255813953488,0.104651162790698,0.0813953488372093,0.104651162790698,0,0,0,0.529411764705882,0.205882352941176,0.0882352941176471,0.176470588235294,0,0,0.779069767441861,0.209302325581395,0.0116279069767442,0,0,0.0714285714285714,0.154761904761905,0.333333333333333,0.416666666666667,0.0238095238095238,0,0,0,0.558139534883721,0.13953488372093,0.0465116279069767,0.0581395348837209,0.0813953488372093,0,0.104651162790698,0.0116279069767442,0,0,0.0465116279069767,0.13953488372093,0.255813953488372,0.0813953488372093,0.476744186046512,0,0,0,0.348837209302326,0.325581395348837,0.0116279069767442,0.116279069767442,0.197674418604651,0,0,0.325581395348837,0.511627906976744,0.0930232558139535,0,0.0697674418604651,0,0,0,0.418604651162791,0.0465116279069767,0.267441860465116,0.162790697674419,0.0813953488372093,0.0232558139534884,0.261904761904762,0.0714285714285714,0.0357142857142857,0.166666666666667,0.0357142857142857,0.19047619047619,0.178571428571429,0.0595238095238095,0,0,0.418604651162791,0.127906976744186,0.186046511627907,0.22093023255814,0.0232558139534884,0.0232558139534884,0
"MBS",0.56,0.44,0,0,0.38,0,0.16,0.44,0,0.02,0.2,0.42,0.02,0,0.36,0,0.14,0.64,0.18,0,0.02,0,0,0,0,0,0,0,0.02,0,0.94,0.04,0,0,0.02,0,0.12,0.36,0.4,0.12,0,0,0,0.02,0.24,0.14,0.56,0.02,0.02,0,0,0,0.48,0.42,0,0.1,0,0,0,0,0,0,0.22,0.54,0.24,0,0,0.7,0.14,0.04,0.12,0,0,0,0,0.68,0,0,0.32,0,0.04,0.1,0.54,0,0.18,0,0,0.14,0,0,0,0,0,0,0,0.46,0.14,0.4,0,0,0.4,0,0.22,0.06,0.16,0.16,0,0.26,0.48,0.14,0.04,0.08,0,0,0,0,0,0.9,0.1,0,0,0,0.06,0.32,0.18,0.44,0,0,0.78,0.22,0,0,0.22,0.5,0.04,0,0.12,0.02,0.1,0.56,0.12,0.04,0.28,0,0,0,0,0.125,0.0625,0.708333333333333,0,0.104166666666667,0,0.14,0.3,0.06,0.34,0.14,0,0,0.02,0,0,0,0.16,0.16,0.06,0.54,0.02,0,0,0.06,0,0,0.52,0.12,0.2,0,0.16,0,0,0.62,0.08,0.02,0.28,0.4,0,0.46,0.12,0,0.02,0,0.02,0.36,0.48,0.14,0,0,0.68,0.24,0.06,0.02,0.28,0.7,0.02,0,0,0,0.16,0.32,0.44,0.06,0,0.02,0,0.18,0,0.28,0.42,0.12,0,0,0.28,0.32,0.4,0,0,0.26,0,0.48,0.26,0,0.26,0.5,0.14,0.1,0,0.56,0.26,0.1,0,0.04,0,0.04,0.06,0.24,0,0.46,0,0.24,0,0,0.26,0.06,0.1,0.54,0,0.04,0,0,0.1,0.5,0.08,0.14,0.18,0,0.38,0.18,0,0.44,0,0,0,0,0,0,0.26,0.16,0.1,0.22,0.26,0,0,0,0.565217391304348,0.347826086956522,0.0217391304347826,0.0652173913043478,0,0,1,0,0,0,0,0.12,0.18,0.44,0.22,0.04,0,0,0,0.54,0.16,0.08,0,0.06,0,0.16,0,0,0,0.04,0.08,0.44,0.1,0.34,0,0,0,0.44,0.32,0,0.06,0.18,0,0,0.3,0.64,0.06,0,0,0,0,0,0.5,0.14,0.18,0.1,0.08,0,0.5,0,0,0.1,0.04,0.24,0.12,0,0,0,0.06,0.38,0.2,0.36,0,0,0
"WBNPLB",0.614285714285714,0.314285714285714,0.0428571428571429,0.0285714285714286,0.185714285714286,0.0428571428571429,0.385714285714286,0.3,0,0.0857142857142857,0.171428571428571,0.328571428571429,0.0857142857142857,0.0142857142857143,0.271428571428571,0.128571428571429,0.142857142857143,0.6,0.171428571428571,0.0142857142857143,0.0428571428571429,0.0285714285714286,0,0,0,0,0,0,0,0,0.885714285714286,0.0142857142857143,0.0142857142857143,0.0142857142857143,0.0714285714285714,0,0.185714285714286,0.3,0.5,0.0142857142857143,0,0,0.0142857142857143,0.1,0.257142857142857,0.157142857142857,0.328571428571429,0.0714285714285714,0.0285714285714286,0.0428571428571429,0,0,0.2,0.685714285714286,0.0142857142857143,0.0142857142857143,0.0714285714285714,0,0.0142857142857143,0,0,0,0.314285714285714,0.5,0.185714285714286,0,0,0.728571428571429,0.185714285714286,0.0142857142857143,0.0714285714285714,0,0,0,0,0.8,0.0285714285714286,0.0428571428571429,0.128571428571429,0,0.3,0.0142857142857143,0.314285714285714,0,0.185714285714286,0,0,0.128571428571429,0,0.0428571428571429,0,0.0142857142857143,0,0,0,0.5,0.114285714285714,0.385714285714286,0,0,0.514285714285714,0.0571428571428571,0.242857142857143,0.0285714285714286,0.0714285714285714,0.0857142857142857,0,0.514285714285714,0.0285714285714286,0.128571428571429,0.285714285714286,0.0428571428571429,0,0,0,0,0,0.842857142857143,0.1,0.0571428571428571,0,0,0.0285714285714286,0.185714285714286,0.171428571428571,0.614285714285714,0,0.0714285714285714,0.657142857142857,0.185714285714286,0.0857142857142857,0,0.342857142857143,0.257142857142857,0.0571428571428571,0.0571428571428571,0.0714285714285714,0.114285714285714,0.1,0.5,0.157142857142857,0.171428571428571,0.171428571428571,0,0,0,0,0.0735294117647059,0.102941176470588,0.691176470588235,0.0147058823529412,0.0882352941176471,0.0294117647058824,0.171428571428571,0.0857142857142857,0.271428571428571,0.414285714285714,0.0285714285714286,0.0142857142857143,0,0.0142857142857143,0,0,0.0151515151515152,0.0151515151515152,0.318181818181818,0.0606060606060606,0.53030303030303,0.0303030303030303,0,0,0,0.0303030303030303,0,0.544117647058823,0.0441176470588235,0.25,0.0147058823529412,0.147058823529412,0,0,0.442857142857143,0.1,0.0857142857142857,0.371428571428571,0.585714285714286,0.0142857142857143,0.285714285714286,0.114285714285714,0,0,0.0714285714285714,0.0571428571428571,0.242857142857143,0.342857142857143,0.285714285714286,0,0,0.714285714285714,0.0857142857142857,0.185714285714286,0.0142857142857143,0.428571428571429,0.5,0.0571428571428571,0.0142857142857143,0,0,0.157142857142857,0.285714285714286,0.485714285714286,0.0428571428571429,0.0285714285714286,0,0,0.0857142857142857,0.0142857142857143,0.157142857142857,0.528571428571429,0.214285714285714,0,0.0285714285714286,0.214285714285714,0.2,0.557142857142857,0,0,0.285714285714286,0.2,0.485714285714286,0.0285714285714286,0,0.428571428571429,0.471428571428571,0.0714285714285714,0.0142857142857143,0.0142857142857143,0.357142857142857,0.342857142857143,0.142857142857143,0.0428571428571429,0.1,0,0.0142857142857143,0.0285714285714286,0.171428571428571,0.0285714285714286,0.3,0,0.471428571428571,0,0.0142857142857143,0.0285714285714286,0.128571428571429,0.428571428571429,0.157142857142857,0.0285714285714286,0.185714285714286,0.0285714285714286,0,0.0857142857142857,0.685714285714286,0.0714285714285714,0.1,0.0571428571428571,0,0.357142857142857,0.257142857142857,0,0.214285714285714,0.0857142857142857,0.0142857142857143,0.0142857142857143,0,0.0571428571428571,0,0.142857142857143,0.6,0,0.114285714285714,0.142857142857143,0,0,0,0.833333333333333,0.166666666666667,0,0,0,0,0.814285714285714,0.128571428571429,0.0571428571428571,0,0,0.0857142857142857,0.114285714285714,0.471428571428571,0.3,0.0285714285714286,0,0,0,0.471428571428571,0.0857142857142857,0.0285714285714286,0.0428571428571429,0.214285714285714,0,0.157142857142857,0,0,0,0.0441176470588235,0.0588235294117647,0.279411764705882,0.117647058823529,0.5,0,0,0,0.257142857142857,0.357142857142857,0.0142857142857143,0.128571428571429,0.228571428571429,0.0142857142857143,0,0.171428571428571,0.714285714285714,0.0857142857142857,0,0,0,0,0.0285714285714286,0.575757575757576,0.0757575757575758,0.151515151515152,0.151515151515152,0.0454545454545455,0,0.514285714285714,0.0142857142857143,0.0571428571428571,0.271428571428571,0.0285714285714286,0.0285714285714286,0.0428571428571429,0.0142857142857143,0,0.0285714285714286,0.333333333333333,0.166666666666667,0.333333333333333,0.151515151515152,0.0151515151515152,0,0
"WBNPNY",0.4375,0.5,0,0.0625,0.104166666666667,0.0416666666666667,0.458333333333333,0.270833333333333,0,0.125,0.1875,0.3125,0.125,0,0.3125,0.0625,0.1875,0.395833333333333,0.354166666666667,0,0.0625,0,0,0,0,0,0,0,0,0,0.916666666666667,0.0208333333333333,0,0,0.0625,0,0.1875,0.208333333333333,0.583333333333333,0.0208333333333333,0,0,0,0.166666666666667,0.1875,0.1875,0.3125,0.0416666666666667,0.0625,0.0416666666666667,0,0,0.208333333333333,0.645833333333333,0,0.0208333333333333,0.125,0,0,0,0,0,0.416666666666667,0.270833333333333,0.3125,0,0,0.791666666666667,0.145833333333333,0,0.0625,0,0,0,0,0.729166666666667,0.0416666666666667,0,0.229166666666667,0,0.208333333333333,0.0416666666666667,0.208333333333333,0,0.166666666666667,0.0416666666666667,0,0.208333333333333,0,0.0625,0,0,0.0625,0,0,0.541666666666667,0.145833333333333,0.3125,0,0,0.416666666666667,0.0416666666666667,0.354166666666667,0.0416666666666667,0.0625,0.0833333333333333,0,0.541666666666667,0.0208333333333333,0.145833333333333,0.229166666666667,0.0625,0,0,0,0,0,0.875,0.0208333333333333,0.104166666666667,0,0,0,0.229166666666667,0.0833333333333333,0.666666666666667,0.0208333333333333,0,0.729166666666667,0.25,0,0.0208333333333333,0.270833333333333,0.333333333333333,0.0416666666666667,0.104166666666667,0.0208333333333333,0.125,0.104166666666667,0.520833333333333,0.0833333333333333,0.1875,0.208333333333333,0,0,0,0,0.0625,0.0625,0.770833333333333,0.0208333333333333,0.0625,0.0208333333333333,0.0833333333333333,0.0833333333333333,0.229166666666667,0.583333333333333,0,0,0,0.0208333333333333,0,0,0,0,0.208333333333333,0.104166666666667,0.625,0.0208333333333333,0.0208333333333333,0,0,0.0208333333333333,0,0.5625,0.0833333333333333,0.229166666666667,0,0.104166666666667,0.0208333333333333,0,0.458333333333333,0.104166666666667,0.0833333333333333,0.354166666666667,0.5625,0,0.3125,0.125,0,0,0.104166666666667,0,0.25,0.291666666666667,0.354166666666667,0,0,0.770833333333333,0.145833333333333,0.0833333333333333,0,0.458333333333333,0.416666666666667,0.0833333333333333,0.0416666666666667,0,0,0.0625,0.291666666666667,0.604166666666667,0.0416666666666667,0,0,0,0,0.0208333333333333,0.0833333333333333,0.6875,0.208333333333333,0,0.145833333333333,0.270833333333333,0.333333333333333,0.25,0,0,0.458333333333333,0.0625,0.458333333333333,0.0208333333333333,0,0.375,0.541666666666667,0.0208333333333333,0,0.0625,0.270833333333333,0.25,0.166666666666667,0,0.270833333333333,0,0.0416666666666667,0.125,0.0625,0.0416666666666667,0.458333333333333,0,0.3125,0,0.0625,0,0.0833333333333333,0.333333333333333,0.291666666666667,0.0208333333333333,0.145833333333333,0.0625,0,0.0625,0.6875,0.0625,0.1875,0,0,0.229166666666667,0.1875,0,0.416666666666667,0.166666666666667,0,0,0,0,0,0.333333333333333,0.4375,0.0625,0.104166666666667,0.0625,0,0,0,0.5,0.166666666666667,0.166666666666667,0.166666666666667,0,0,0.8125,0.145833333333333,0.0416666666666667,0,0,0.0416666666666667,0.145833333333333,0.5625,0.25,0,0,0,0,0.5,0.0833333333333333,0.0208333333333333,0.0416666666666667,0.104166666666667,0,0.25,0,0,0,0.0208333333333333,0.0625,0.4375,0.0833333333333333,0.395833333333333,0,0,0,0.3125,0.395833333333333,0,0.125,0.166666666666667,0,0,0.208333333333333,0.75,0.0416666666666667,0,0,0,0,0,0.5,0,0.152173913043478,0.282608695652174,0.0652173913043478,0,0.583333333333333,0.0416666666666667,0.0416666666666667,0.104166666666667,0.0208333333333333,0.125,0.0833333333333333,0,0,0,0.395833333333333,0.145833333333333,0.291666666666667,0.166666666666667,0,0,0
"AISH",0.626984126984127,0.373015873015873,0,0,0.53968253968254,0.0158730158730159,0.198412698412698,0.246031746031746,0,0,0.436507936507937,0.357142857142857,0,0.00793650793650794,0.198412698412698,0,0.0396825396825397,0.777777777777778,0.0952380952380952,0.0317460317460317,0,0.0476190476190476,0,0,0,0.00793650793650794,0,0,0,0,0.991803278688525,0,0,0,0.00819672131147541,0,0.209677419354839,0.556451612903226,0.209677419354839,0.0241935483870968,0,0,0,0.0158730158730159,0.317460317460317,0.166666666666667,0.396825396825397,0.0555555555555556,0.0476190476190476,0,0,0,0.0238095238095238,0.722222222222222,0,0.126984126984127,0.126984126984127,0,0,0,0,0,0.238095238095238,0.587301587301587,0.174603174603175,0,0,0.611111111111111,0.238095238095238,0.0317460317460317,0.119047619047619,0,0,0,0,0.619047619047619,0.00793650793650794,0,0.373015873015873,0,0.103174603174603,0.0873015873015873,0.222222222222222,0,0.523809523809524,0.0158730158730159,0,0.0476190476190476,0,0,0,0,0,0,0,0.53968253968254,0.198412698412698,0.261904761904762,0,0,0.380952380952381,0,0.341269841269841,0.126984126984127,0.142857142857143,0.00793650793650794,0,0.484126984126984,0.0873015873015873,0.0873015873015873,0.261904761904762,0.0793650793650794,0,0,0,0,0,0.968253968253968,0.00793650793650794,0,0.0238095238095238,0,0.0238095238095238,0.277777777777778,0.142857142857143,0.555555555555556,0,0.0555555555555556,0.722222222222222,0.222222222222222,0,0,0.222222222222222,0.126984126984127,0,0.412698412698413,0.0634920634920635,0,0.174603174603175,0.515873015873016,0,0.134920634920635,0.349206349206349,0,0,0,0,0.00793650793650794,0.0714285714285714,0.896825396825397,0.00793650793650794,0.0158730158730159,0,0.293650793650794,0.0476190476190476,0.293650793650794,0.357142857142857,0,0,0,0.00793650793650794,0,0,0.0238095238095238,0,0.333333333333333,0.0238095238095238,0.523809523809524,0,0,0.0714285714285714,0.0238095238095238,0,0,0.46031746031746,0.0476190476190476,0.174603174603175,0,0.246031746031746,0.0714285714285714,0,0.444444444444444,0.420634920634921,0.0238095238095238,0.111111111111111,0.435483870967742,0.0483870967741935,0.508064516129032,0.00806451612903226,0,0,0.0793650793650794,0,0.0873015873015873,0.555555555555556,0.277777777777778,0,0,0.793650793650794,0.0555555555555556,0.0158730158730159,0.134920634920635,0.258064516129032,0.725806451612903,0.0161290322580645,0,0,0,0.0793650793650794,0.182539682539683,0.706349206349206,0.0317460317460317,0,0,0,0,0,0.531746031746032,0.404761904761905,0.0634920634920635,0,0.0634920634920635,0.111111111111111,0.111111111111111,0.698412698412698,0.0158730158730159,0,0.169354838709677,0.161290322580645,0.629032258064516,0.0403225806451613,0,0.103174603174603,0.865079365079365,0.0317460317460317,0,0,0.714285714285714,0.119047619047619,0.0158730158730159,0,0.119047619047619,0.0317460317460317,0,0.00793650793650794,0.341269841269841,0.0158730158730159,0.111111111111111,0,0.523809523809524,0,0,0.150793650793651,0.238095238095238,0.428571428571429,0.166666666666667,0.00793650793650794,0.00793650793650794,0,0,0.0476190476190476,0.595238095238095,0.111111111111111,0.23015873015873,0.0158730158730159,0,0.507936507936508,0.206349206349206,0,0.158730158730159,0.0476190476190476,0.0555555555555556,0.0238095238095238,0,0,0,0.0396825396825397,0.547619047619048,0.150793650793651,0.134920634920635,0.126984126984127,0,0,0,0.558333333333333,0.408333333333333,0,0.0333333333333333,0,0,0.96031746031746,0.0396825396825397,0,0,0,0.0873015873015873,0,0.404761904761905,0.380952380952381,0.119047619047619,0,0.00793650793650794,0,0.579365079365079,0,0.111111111111111,0.00793650793650794,0.174603174603175,0,0.126984126984127,0,0,0,0.0483870967741935,0.129032258064516,0.370967741935484,0.225806451612903,0.225806451612903,0,0,0,0.435483870967742,0.217741935483871,0,0.0403225806451613,0.306451612903226,0,0,0.285714285714286,0.674603174603175,0.0396825396825397,0,0,0,0,0,0.571428571428571,0.0396825396825397,0.198412698412698,0.0714285714285714,0.119047619047619,0,0.0873015873015873,0,0.214285714285714,0.317460317460317,0,0.166666666666667,0.206349206349206,0,0,0.00793650793650794,0.290322580645161,0.185483870967742,0.274193548387097,0.185483870967742,0.0564516129032258,0,0.00806451612903226
"WBNPHC",0.560810810810811,0.405405405405405,0,0.0337837837837838,0.310810810810811,0.0405405405405405,0.344594594594595,0.243243243243243,0.0202702702702703,0.0405405405405405,0.304054054054054,0.263513513513513,0.0743243243243243,0.0135135135135135,0.27027027027027,0.0743243243243243,0.175675675675676,0.547297297297297,0.168918918918919,0.0337837837837838,0.0608108108108108,0.00675675675675676,0,0.00675675675675676,0,0,0,0,0,0,0.904109589041096,0.0342465753424658,0.00684931506849315,0.00684931506849315,0.0479452054794521,0,0.189189189189189,0.297297297297297,0.459459459459459,0.0472972972972973,0.00675675675675676,0,0,0.0563380281690141,0.28169014084507,0.140845070422535,0.345070422535211,0.0352112676056338,0.0352112676056338,0.0915492957746479,0.0140845070422535,0,0.27027027027027,0.614864864864865,0,0.0135135135135135,0.0810810810810811,0.0202702702702703,0,0,0,0,0.5,0.331081081081081,0.162162162162162,0,0.00675675675675676,0.594594594594595,0.263513513513513,0.0135135135135135,0.101351351351351,0.00675675675675676,0.0135135135135135,0,0.00675675675675676,0.763513513513513,0.0540540540540541,0.00675675675675676,0.175675675675676,0,0.232876712328767,0.00684931506849315,0.267123287671233,0.0616438356164384,0.226027397260274,0.0684931506849315,0.00684931506849315,0.0753424657534247,0.0136986301369863,0.0410958904109589,0,0,0,0,0,0.493243243243243,0.195945945945946,0.297297297297297,0.00675675675675676,0.00675675675675676,0.461538461538462,0.0230769230769231,0.284615384615385,0.0153846153846154,0.107692307692308,0.107692307692308,0,0.563380281690141,0.112676056338028,0.0985915492957746,0.204225352112676,0.0211267605633803,0,0,0,0,0,0.835616438356164,0.089041095890411,0.0616438356164384,0,0.0136986301369863,0.0743243243243243,0.236486486486486,0.114864864864865,0.567567567567568,0.00675675675675676,0.0540540540540541,0.75,0.168918918918919,0.027027027027027,0,0.310810810810811,0.263513513513513,0.0202702702702703,0.148648648648649,0.108108108108108,0.0743243243243243,0.0743243243243243,0.554054054054054,0.155405405405405,0.189189189189189,0.0945945945945946,0.00675675675675676,0,0,0,0.0675675675675676,0.0202702702702703,0.844594594594595,0.0135135135135135,0.0472972972972973,0.00675675675675676,0.205479452054795,0.123287671232877,0.26027397260274,0.328767123287671,0.0410958904109589,0.0136986301369863,0,0.0273972602739726,0,0,0.027027027027027,0.0743243243243243,0.317567567567568,0.0337837837837838,0.47972972972973,0.027027027027027,0.0202702702702703,0,0.0202702702702703,0,0,0.575342465753425,0.136986301369863,0.178082191780822,0.0136986301369863,0.0958904109589041,0,0,0.451388888888889,0.0486111111111111,0.104166666666667,0.395833333333333,0.582191780821918,0,0.321917808219178,0.0753424657534247,0.0136986301369863,0.00684931506849315,0.0821917808219178,0.0410958904109589,0.280821917808219,0.321917808219178,0.267123287671233,0,0.00684931506849315,0.712328767123288,0.150684931506849,0.089041095890411,0.0479452054794521,0.404109589041096,0.534246575342466,0.0547945205479452,0,0,0.00684931506849315,0.148648648648649,0.297297297297297,0.472972972972973,0.0405405405405405,0.0337837837837838,0,0.00675675675675676,0.114864864864865,0.0202702702702703,0.216216216216216,0.47972972972973,0.155405405405405,0.0135135135135135,0.0547945205479452,0.219178082191781,0.198630136986301,0.506849315068493,0.0205479452054795,0,0.347222222222222,0.159722222222222,0.430555555555556,0.0625,0,0.317567567567568,0.614864864864865,0.0337837837837838,0.0202702702702703,0.0135135135135135,0.452702702702703,0.182432432432432,0.216216216216216,0.0337837837837838,0.0945945945945946,0,0.0202702702702703,0.162162162162162,0.128378378378378,0.0405405405405405,0.331081081081081,0.00675675675675676,0.331081081081081,0,0.0675675675675676,0.0540540540540541,0.0405405405405405,0.378378378378378,0.182432432432432,0.0472972972972973,0.22972972972973,0,0,0.0743243243243243,0.587837837837838,0.0405405405405405,0.222972972972973,0.0608108108108108,0.0135135135135135,0.371621621621622,0.243243243243243,0,0.236486486486486,0.108108108108108,0.00675675675675676,0.00675675675675676,0.0135135135135135,0.00675675675675676,0.00675675675675676,0.155405405405405,0.533783783783784,0.0608108108108108,0.168918918918919,0.0810810810810811,0,0,0,0.724137931034483,0.103448275862069,0.0862068965517241,0.0689655172413793,0,0.0172413793103448,0.784722222222222,0.194444444444444,0.0208333333333333,0,0,0.0608108108108108,0.135135135135135,0.439189189189189,0.337837837837838,0.00675675675675676,0,0.0202702702702703,0,0.506756756756757,0.101351351351351,0.0202702702702703,0.0878378378378378,0.162162162162162,0,0.121621621621622,0,0,0,0.0821917808219178,0.10958904109589,0.219178082191781,0.13013698630137,0.458904109589041,0,0,0,0.323529411764706,0.367647058823529,0.00735294117647059,0.139705882352941,0.161764705882353,0,0,0.263513513513513,0.628378378378378,0.0472972972972973,0,0.0405405405405405,0,0,0.0202702702702703,0.493150684931507,0.0821917808219178,0.246575342465753,0.10958904109589,0.0684931506849315,0,0.458904109589041,0.0684931506849315,0.0479452054794521,0.123287671232877,0.0616438356164384,0.10958904109589,0.10958904109589,0.00684931506849315,0.00684931506849315,0.00684931506849315,0.405172413793103,0.21551724137931,0.172413793103448,0.163793103448276,0.0344827586206897,0.00862068965517241,0
"CL",0.6,0.25,0,0.15,0.425,0.075,0.375,0.125,0,0,0.675,0.175,0,0,0.15,0,0.075,0.5,0.425,0,0,0,0,0,0,0,0,0,0,0,1,0,0,0,0,0,0.175,0.475,0.175,0.175,0,0,0,0,0.289473684210526,0.0526315789473684,0.605263157894737,0.0526315789473684,0,0,0,0,0.075,0.675,0,0.075,0.175,0,0,0,0,0,0.15,0.6,0.25,0,0,0.725,0.15,0.025,0.1,0,0,0,0,0.575,0,0,0.425,0,0.25,0.1,0.225,0,0.425,0,0,0,0,0,0,0,0,0,0,0.75,0.15,0.1,0,0,0.25,0,0.5,0,0.25,0,0,0.325,0.05,0.325,0.25,0.05,0,0,0,0,0,0.95,0.05,0,0,0,0.0526315789473684,0.263157894736842,0.210526315789474,0.473684210526316,0,0,0.775,0.225,0,0,0.15,0.025,0.075,0.425,0,0,0.325,0.4,0,0.025,0.575,0,0,0,0,0,0,0.947368421052632,0.0526315789473684,0,0,0.275,0.075,0.15,0.425,0.075,0,0,0,0,0,0,0,0.05,0,0.925,0,0,0.025,0,0,0,0.75,0,0.075,0.025,0.15,0,0,0.75,0.1,0,0.15,0.325,0.1,0.575,0,0,0,0,0,0,0.85,0.15,0,0,0.625,0.1,0,0.275,0.657894736842105,0.342105263157895,0,0,0,0,0.1,0.325,0.575,0,0,0,0,0,0,0.325,0.65,0.025,0,0.025,0,0,0.975,0,0,0.6,0.15,0.25,0,0,0.05,0.875,0.075,0,0,0.325,0.225,0,0.05,0.325,0.075,0,0.05,0.625,0.05,0,0,0.275,0,0,0.1,0.4,0.45,0.025,0,0.025,0,0,0.075,0.65,0.025,0.25,0,0,0.525,0.025,0,0.15,0.25,0.05,0,0,0,0,0.075,0.425,0.2,0.275,0,0,0,0.025,0.578947368421053,0.421052631578947,0,0,0,0,0.875,0.125,0,0,0,0,0,0.725,0.275,0,0,0,0,0.875,0.05,0.075,0,0,0,0,0,0,0,0.025,0.05,0.475,0.2,0.225,0,0.025,0,0.6,0.2,0,0.075,0.125,0,0,0.025,0.975,0,0,0,0,0,0,0.775,0,0.15,0.05,0.025,0,0.3,0,0.15,0.225,0,0,0.325,0,0,0,0.289473684210526,0.0526315789473684,0.5,0.157894736842105,0,0,0
