"","BMS1117.91","BMS1117.99","BMS1117.89","BMS1117.93","TGLA53.138","TGLA53.136","TGLA53.132","TGLA53.134","TGLA53.140","TGLA53.142","BMC4214.187","BMC4214.181","BMC4214.175","BMC4214.179","BMC4214.191","BMC4214.185","BM1225.269","BM1225.253","BM1225.239","BM1225.247","BM1225.241","BM1225.249","BM1225.271","BM1225.245","BM1225.235","BM1225.257","BM1225.273","BM1225.267","BM1225.255","BM1225.265","BM47.103","BM47.105","BM47.107","BM47.102","BM47.104","BM47.101","BM47.99","BMS1315.135","BMS1315.145","BMS1315.141","BMS1315.147","BMS1315.137","BMS1315.143","IL4.97","IL4.103","IL4.93","IL4.105","IL4.91","IL4.101","IL4.89","IL4.85","IL4.83","IL4.99","BM2113.129","BM2113.143","BM2113.127","BM2113.131","BM2113.128","BM2113.141","BM2113.149","BM2113.133","BM2113.121","BM2113.145","BMS1716.189","BMS1716.191","BMS1716.195","BMS1716.193","BMS1716.197","BM1706.232","BM1706.254","BM1706.238","BM1706.252","BM1706.250","BM1706.248","BM1706.240","BM1706.236","BMS1675.87","BMS1675.91","BMS1675.89","BMS1675.85","BMS1675.83","BMS1857.160","BMS1857.162","BMS1857.143","BMS1857.147","BMS1857.158","BMS1857.170","BMS1857.154","BMS1857.161","BMS1857.153","BMS1857.149","BMS1857.164","BMS1857.150","BMS1857.159","BMS1857.165","BMS1857.134","BMS1001.108","BMS1001.113","BMS1001.115","BMS1001.109","BMS1001.110","BMS601.172","BMS601.174","BMS601.180","BMS601.178","BMS601.176","BMS601.182","BMS601.170","BM720.225","BM720.231","BM720.227","BM720.229","BM720.233","BM720.221","BM720.255","BM720.223","BM720.213","BM720.203","ILSTS102.143","ILSTS102.145","ILSTS102.133","ILSTS102.147","ILSTS102.157","BMS1074.156","BMS1074.158","BMS1074.154","BMS1074.160","BMS1074.152","BMS1172.90","BMS1172.100","BMS1172.102","BMS1172.88","BMS1172.104","BMS2258.128","BMS2258.140","BMS2258.127","BMS2258.138","BMS2258.142","BMS2258.146","BMS2258.148","BMS2258.150","BM757.194","BM757.188","BM757.200","BM757.202","BM757.190","BM757.192","BM757.198","BM757.196","SPS115.246","SPS115.250","SPS115.252","SPS115.254","SPS115.248","SPS115.244","BMS527.173","BMS527.177","BMS527.165","BMS527.175","BMS527.167","BMS527.163","BMS527.159","BMS527.161","BMS527.169","BMS527.171","BM2830.146","BM2830.152","BM2830.162","BM2830.148","BM2830.164","BM2830.166","BM2830.150","BM2830.158","BM2830.142","BM2830.154","BM2830.156","INRA194.144","INRA194.154","INRA194.156","INRA194.160","INRA194.158","INRA194.152","INRA194.146","BMS941.83","BMS941.81","BMS941.77","BMS941.85","INRA037.132","INRA037.124","INRA037.120","INRA037.136","INRA037.126","INRA037.122","BM4107.165","BM4107.183","BM4107.179","BM4107.175","BM4107.181","BM4107.157","BM4107.185","TGLA122.142","TGLA122.148","TGLA122.150","TGLA122.138","HUJ246.260","HUJ246.262","HUJ246.264","HUJ246.256","HUJ246.258","HUJ246.266","BMS528.140","BMS528.146","BMS528.150","BMS528.148","BMS528.152","BMS528.142","BMS528.151","BM4440.127","BM4440.129","BM4440.125","BM4440.131","BM4440.123","BM4440.121","TGLA44.155","TGLA44.153","TGLA44.157","TGLA44.151","TGLA44.159","TGLA44.163","BMS510.91","BMS510.95","BMS510.94","BMS510.92","BMS510.90","BMS1355.150","BMS1355.146","BMS1355.154","BMS1355.148","BMS1355.152","BM1824.180","BM1824.192","BM1824.184","BM1824.198","BM1824.196","BM1824.194","BM1824.190","BMS812.90","BMS812.106","BMS812.108","BMS812.110","BMS812.112","BMS812.96","BMS812.94","BMS2639.168","BMS2639.172","BMS2639.170","BMS2639.174","BMS2639.176","BMS2639.166","BMS2639.178","BMS2639.186","BMS2639.158","BMS410.85","BMS410.83","BMS410.89","BMS410.91","BMS410.95","BMS410.81","AGLA232.168","AGLA232.173","AGLA232.161","AGLA232.165","AGLA232.169","AGLA232.159","AGLA232.167","AGLA232.155","AGLA232.175","AGLA232.177","BM17132.87","BM17132.85","BM17132.89","BM17132.91","BM17132.81","BM17132.93","BM17132.95","BM17132.83","BM4028.116","BM4028.118","BM4028.114","BM4028.108","BM4028.112","BM4028.120","BM711.167","BM711.161","BM711.165","BM711.155","BM711.177","INRA133.228","INRA133.238","INRA133.236","INRA133.242","INRA133.240","INRA133.224","INRA133.232","INRA133.246","RM372.114","RM372.118","RM372.128","RM372.134","RM372.130","RM372.132","RM372.122","RM372.136","RM372.120","RM372.119","BM4311.98","BM4311.102","BM4311.104","BM4311.96","BM4311.106","BM4311.92","BM4311.100","BM4311.94","BMS1747.97","BMS1747.99","BMS1747.95","BMS1747.103","BMS1747.101","BMS1747.91","BMS1747.105","BL1036.181","BL1036.179","BL1036.191","BL1036.177","BL1036.189","BL1036.183","BL1036.187","BL1036.193","BL1036.150","BL1036.146","BL1036.148","BL1036.154","BM1862.205","BM1862.201","BM1862.207","BM1862.211","BM1862.215","BM1862.202","BM1862.181","BM1862.191","BM1862.177","BMS1862.162","BMS1862.164","BMS1862.158","BMS1862.166","BMS1862.156","BMS1862.168","BMS1862.142","BMS1862.144","BMS1862.160","BMS1862.170","BMS1862.211","BMS1862.215","BMS1862.205","BMS1862.201","BMS1862.207","URB011.149","URB011.153","URB011.145","URB011.151","URB011.147","URB011.143","URB011.142","URB011.166","URB011.158","URB011.168","URB011.162","URB011.152"
"WAB",0.55,0.35,0.05,0.05,0.95,0.05,0,0,0,0,0.85,0.15,0,0,0,0,0.35,0.4,0.1,0,0.05,0.1,0,0,0,0,0,0,0,0,1,0,0,0,0,0,0,0.85,0.15,0,0,0,0,0.2,0,0.35,0.15,0.3,0,0,0,0,0,0.35,0.35,0.05,0.2,0.05,0,0,0,0,0,0.45,0.4,0.15,0,0,0.2,0.5,0.3,0,0,0,0,0,0.8,0,0.2,0,0,0.55,0.2,0.25,0,0,0,0,0,0,0,0,0,0,0,0,0.45,0.45,0.1,0,0,0.9,0.05,0.05,0,0,0,0,0.05,0.4,0.35,0.05,0.15,0,0,0,0,0,0.7,0.3,0,0,0,0.45,0.45,0.1,0,0,0.5,0.5,0,0,0,0.5,0.5,0,0,0,0,0,0,0.7,0,0.2,0.1,0,0,0,0,0.05,0.8,0.1,0,0.05,0,0.2,0.6,0,0.15,0.05,0,0,0,0,0,0.15,0.25,0,0.4,0,0.15,0.05,0,0,0,0,0.75,0.25,0,0,0,0,0,0.6,0.4,0,0,0.2,0.35,0.45,0,0,0,0.4,0.2,0.4,0,0,0,0,0.5,0.5,0,0,0.15,0.85,0,0,0,0,0.85,0,0.15,0,0,0,0,0.65,0.3,0.05,0,0,0,0.65,0.05,0.25,0.05,0,0,0.75,0.1,0,0.1,0.05,0.6,0.35,0.05,0,0,0.8,0,0.2,0,0,0,0,0.3,0.3,0.15,0.25,0,0,0,0.45,0,0.55,0,0,0,0,0,0,0.35,0,0.25,0.4,0,0,0.45,0.4,0.05,0.05,0.05,0,0,0,0,0,0.8,0.15,0,0.05,0,0,0,0,0,0,0,0,0,0,0.8,0.2,0,0,0,0.5,0.15,0.15,0.15,0.05,0,0,0,0.55,0.1,0,0.3,0.05,0,0,0,0,0,0.3,0.3,0.05,0.15,0,0.2,0,0,0.35,0.35,0.05,0.25,0,0,0,0.55,0.35,0.1,0,0,0,0,0,0,0,0,0,0.3,0.5,0.05,0.15,0,0,0,0,0,0.4,0.05,0.15,0.15,0.15,0.1,0,0,0,0,0,0,0,0,0,0.45,0,0.4,0.15,0,0,0,0,0,0,0,0
"WENT",0.2,0,0.4,0.4,0.1,0.4,0.1,0.1,0.3,0,0.8,0,0.1,0.1,0,0,0.4,0.5,0,0.1,0,0,0,0,0,0,0,0,0,0,0.9,0.1,0,0,0,0,0,0.1,0.4,0.5,0,0,0,0.4,0.5,0.1,0,0,0,0,0,0,0,0.7,0.3,0,0,0,0,0,0,0,0,0.4,0.5,0.1,0,0,0.3,0,0.4,0.2,0.1,0,0,0,0.6,0.1,0.3,0,0,0.4,0.5,0,0,0.1,0,0,0,0,0,0,0,0,0,0,0.2,0,0.8,0,0,0.4,0.4,0,0,0.1,0.1,0,0.1,0,0.3,0.5,0,0.1,0,0,0,0,1,0,0,0,0,0.2,0.7,0,0.1,0,0.5,0,0.5,0,0,0,0.2,0.3,0.3,0.1,0.1,0,0,0.7,0.3,0,0,0,0,0,0,0.1,0,0.7,0.2,0,0,0.1,0.2,0.1,0.2,0.4,0,0,0,0,0,0.1,0.3,0.1,0,0.1,0.2,0,0.2,0,0,0,0.2,0.4,0.1,0.3,0,0,0,0.5,0.5,0,0,0.4,0.3,0,0.1,0,0.2,0.2,0.7,0,0.1,0,0,0,0.6,0.3,0.1,0,0.5,0.4,0.1,0,0,0,0,0.2,0.8,0,0,0,0,0,0.4,0.4,0.1,0.1,0,0.6,0.3,0.1,0,0,0,0.4,0.5,0.1,0,0,0.7,0.3,0,0,0,0.5,0.5,0,0,0,0,0,0,0.7,0.1,0.1,0.1,0,0,0.1,0.6,0.2,0.1,0,0,0,0,0,0.1,0.4,0.4,0,0.1,0,0,0.5,0.4,0.1,0,0,0,0,0,0,0.1,0.1,0.5,0.3,0,0,0,0,0,0,0,0,0,0,0.9,0.1,0,0,0,0.6,0.4,0,0,0,0,0,0,0,0,0.3,0.2,0.3,0.1,0.1,0,0,0,0.1,0.3,0.5,0,0.1,0,0,0,0,0,0.7,0.1,0.2,0,0,0.9,0,0.1,0,0,0,0,0,0,0,0,0,0.4,0.1,0.4,0.1,0,0,0,0,0,0,0,0.2,0.3,0,0.1,0.4,0,0,0,0,0,0,0,0,0.7,0.2,0.1,0,0,0,0,0,0,0,0,0
"RL",0.325,0,0.625,0.05,0.1,0.575,0,0.325,0,0,0.475,0.05,0.025,0,0.225,0.225,0.075,0.425,0,0.375,0.125,0,0,0,0,0,0,0,0,0,0.9,0,0,0.1,0,0,0,0.475,0.2,0.125,0.175,0.025,0,0.3,0.325,0.2,0,0.125,0,0,0,0.05,0,0.6,0.25,0.025,0,0,0.075,0.05,0,0,0,0.5,0.475,0.025,0,0,0.3,0.325,0.2,0.15,0,0.025,0,0,0.6,0.1,0.275,0,0.025,0.675,0.275,0,0,0.05,0,0,0,0,0,0,0,0,0,0,0.05,0.475,0.475,0,0,0.2,0.575,0,0,0.225,0,0,0.175,0.425,0,0.4,0,0,0,0,0,0,0.825,0,0.125,0.05,0,0.375,0.475,0.075,0.075,0,0.625,0,0.375,0,0,0,0.05,0.175,0,0.025,0.1,0.225,0.425,0.625,0.125,0,0.15,0.1,0,0,0,0.3,0.05,0.575,0.075,0,0,0.125,0.15,0,0.075,0.225,0.4,0,0.025,0,0,0.225,0.375,0.075,0,0,0,0.05,0.075,0,0,0.2,0.475,0.3,0,0.225,0,0,0,0.95,0.025,0.025,0,0.6,0.375,0,0,0,0.025,0.05,0.675,0,0.275,0,0,0,0.75,0.075,0.175,0,0.275,0.55,0,0.175,0,0,0.15,0.45,0.25,0.15,0,0,0,0,0.6,0.3,0,0.1,0,0.6,0,0.05,0.35,0,0,0.1,0.475,0,0.425,0,0.6,0.4,0,0,0,0.75,0.125,0.05,0.075,0,0,0,0,0.65,0.1,0.05,0.125,0.075,0,0,0.4,0.6,0,0,0,0,0,0,0.225,0.025,0.75,0,0,0,0,0.5,0.425,0.05,0.025,0,0,0,0,0,0.225,0.25,0.075,0.275,0.175,0,0,0,0.666666666666667,0,0.166666666666667,0.166666666666667,0,0,0.9,0.1,0,0,0,0.175,0.025,0.65,0,0.15,0,0,0,0,0.25,0.025,0,0.4,0.325,0,0,0,0,0.1,0.575,0.3,0,0,0,0.025,0,0.025,0,0.425,0.375,0.175,0,0,0.95,0,0.025,0,0.025,0,0,0,0,0,0,0,0.3,0,0.45,0.15,0.1,0,0,0,0,0,0,0.275,0.25,0,0.125,0.3,0.025,0.025,0,0,0,0,0,0,0.2,0.125,0.65,0.025,0,0,0,0,0,0,0,0
"EINPP",0.612903225806452,0,0.362903225806452,0.0241935483870968,0.209677419354839,0.564516129032258,0,0.120967741935484,0.0645161290322581,0.0403225806451613,0.419354838709677,0.0806451612903226,0.209677419354839,0.104838709677419,0.0241935483870968,0.161290322580645,0.0241935483870968,0.120967741935484,0,0.0403225806451613,0.459677419354839,0.0806451612903226,0.169354838709677,0.104838709677419,0,0,0,0,0,0,0.75,0.185483870967742,0.0241935483870968,0,0.0403225806451613,0,0,0.693548387096774,0,0.0887096774193548,0.137096774193548,0.0806451612903226,0,0.145161290322581,0,0.258064516129032,0.129032258064516,0.0887096774193548,0.104838709677419,0.258064516129032,0,0,0.0161290322580645,0.298387096774194,0.362903225806452,0.032258064516129,0,0,0,0.306451612903226,0,0,0,0.282258064516129,0.354838709677419,0.362903225806452,0,0,0.112903225806452,0.0241935483870968,0.661290322580645,0.0564516129032258,0.145161290322581,0,0,0,0.548387096774194,0.298387096774194,0.0725806451612903,0.0806451612903226,0,0.516129032258065,0,0.0725806451612903,0,0.0645161290322581,0.0806451612903226,0.0161290322580645,0.25,0,0,0,0,0,0,0,0.274193548387097,0.282258064516129,0.443548387096774,0,0,0.548387096774194,0.112903225806452,0.153225806451613,0.137096774193548,0.0483870967741935,0,0,0.0483870967741935,0.443548387096774,0,0.42741935483871,0.0806451612903226,0,0,0,0,0,0.774193548387097,0.129032258064516,0,0.0967741935483871,0,0.209677419354839,0.338709677419355,0.346774193548387,0.104838709677419,0,0.403225806451613,0.17741935483871,0.0725806451612903,0.346774193548387,0,0,0.25,0.411290322580645,0,0.0161290322580645,0,0.112903225806452,0.209677419354839,0.612903225806452,0,0.241935483870968,0.0887096774193548,0.0483870967741935,0,0.00806451612903226,0,0.17741935483871,0.42741935483871,0.0564516129032258,0.282258064516129,0,0.0564516129032258,0.217741935483871,0.0645161290322581,0.129032258064516,0.330645161290323,0.104838709677419,0.137096774193548,0.0161290322580645,0,0,0,0,0.0645161290322581,0.169354838709677,0.00806451612903226,0.0483870967741935,0,0.169354838709677,0.403225806451613,0.0645161290322581,0,0.0725806451612903,0.241935483870968,0.233870967741935,0.354838709677419,0.0725806451612903,0.0967741935483871,0,0,0.629032258064516,0.314516129032258,0,0.0564516129032258,0,0.556451612903226,0.0241935483870968,0,0.0161290322580645,0.403225806451613,0.0806451612903226,0.298387096774194,0.32258064516129,0,0.169354838709677,0,0.129032258064516,0.411290322580645,0.282258064516129,0.185483870967742,0.120967741935484,0.225806451612903,0.653225806451613,0,0.120967741935484,0,0,0.403225806451613,0.370967741935484,0.17741935483871,0.0483870967741935,0,0,0,0.395161290322581,0.193548387096774,0.17741935483871,0.169354838709677,0.0645161290322581,0,0.548387096774194,0.201612903225806,0.0887096774193548,0.00806451612903226,0.153225806451613,0,0.17741935483871,0.306451612903226,0.0564516129032258,0.459677419354839,0,0.282258064516129,0.564516129032258,0.0483870967741935,0.104838709677419,0,0.330645161290323,0.201612903225806,0.120967741935484,0.298387096774194,0,0,0.0483870967741935,0,0.201612903225806,0.564516129032258,0.145161290322581,0.0887096774193548,0,0,0.379032258064516,0.193548387096774,0.282258064516129,0.0403225806451613,0.032258064516129,0,0,0.0725806451612903,0,0.032258064516129,0.32258064516129,0.596774193548387,0.0241935483870968,0.0241935483870968,0,0,0.209677419354839,0.564516129032258,0.217741935483871,0,0.00806451612903226,0,0,0,0,0.379032258064516,0.137096774193548,0.266129032258065,0.217741935483871,0,0,0,0,0.217741935483871,0.298387096774194,0.306451612903226,0.153225806451613,0.0241935483870968,0,0.435483870967742,0.508064516129032,0.0564516129032258,0,0,0.330645161290323,0.104838709677419,0.129032258064516,0,0.42741935483871,0.00806451612903226,0,0,0,0.0725806451612903,0,0.258064516129032,0.661290322580645,0.00806451612903226,0,0,0,0,0.290322580645161,0,0.161290322580645,0.17741935483871,0,0.370967741935484,0,0,0.032258064516129,0.298387096774194,0.395161290322581,0.0483870967741935,0.225806451612903,0,0,0.209677419354839,0.0887096774193548,0.629032258064516,0.0645161290322581,0,0,0,0.00806451612903226,0,0,0,0,0.32258064516129,0.0564516129032258,0.104838709677419,0.379032258064516,0.0645161290322581,0.0725806451612903,0,0,0,0.0564516129032258,0.129032258064516,0.169354838709677,0.0241935483870968,0.112903225806452,0.241935483870968,0.169354838709677,0.0161290322580645,0.0161290322580645,0.0645161290322581,0,0,0,0,0,0.741935483870968,0.032258064516129,0.0806451612903226,0.120967741935484,0,0.0241935483870968,0,0,0,0,0,0
"NORD",0.357142857142857,0,0.642857142857143,0,0.5,0.285714285714286,0,0.142857142857143,0.0714285714285714,0,0.357142857142857,0.0714285714285714,0,0.571428571428571,0,0,0,1,0,0,0,0,0,0,0,0,0,0,0,0,1,0,0,0,0,0,0,0.357142857142857,0.428571428571429,0.142857142857143,0.0714285714285714,0,0,0.0714285714285714,0.142857142857143,0.571428571428571,0,0.214285714285714,0,0,0,0,0,0.571428571428571,0.142857142857143,0,0,0,0.142857142857143,0.142857142857143,0,0,0,0.142857142857143,0.785714285714286,0.0714285714285714,0,0,0.428571428571429,0.142857142857143,0.285714285714286,0.142857142857143,0,0,0,0,0.714285714285714,0.214285714285714,0.0714285714285714,0,0,0.357142857142857,0.142857142857143,0,0.214285714285714,0.214285714285714,0,0,0.0714285714285714,0,0,0,0,0,0,0,0.142857142857143,0.571428571428571,0.285714285714286,0,0,0.142857142857143,0.714285714285714,0,0,0.142857142857143,0,0,0,0.285714285714286,0.214285714285714,0.285714285714286,0.214285714285714,0,0,0,0,0,1,0,0,0,0,0.428571428571429,0.285714285714286,0.0714285714285714,0.214285714285714,0,0.642857142857143,0,0.214285714285714,0.142857142857143,0,0,0.142857142857143,0.285714285714286,0,0.428571428571429,0.0714285714285714,0.0714285714285714,0,0.571428571428571,0.0714285714285714,0,0,0.357142857142857,0,0,0,0,0,1,0,0,0,0.357142857142857,0.357142857142857,0,0.0714285714285714,0.214285714285714,0,0,0,0,0,0.428571428571429,0.5,0,0,0,0,0,0,0,0.0714285714285714,0,0.357142857142857,0.5,0.0714285714285714,0,0,0.0714285714285714,0,0.285714285714286,0.642857142857143,0.0714285714285714,0,0.428571428571429,0.428571428571429,0,0,0.0714285714285714,0.0714285714285714,0.357142857142857,0.285714285714286,0.0714285714285714,0.285714285714286,0,0,0,0.571428571428571,0.285714285714286,0,0.142857142857143,0.5,0.5,0,0,0,0,0.0714285714285714,0.0714285714285714,0.857142857142857,0,0,0,0,0,0.428571428571429,0.285714285714286,0,0.285714285714286,0,0.428571428571429,0,0.214285714285714,0,0.357142857142857,0,0.5,0,0.214285714285714,0.285714285714286,0,0.857142857142857,0.0714285714285714,0,0.0714285714285714,0,0.857142857142857,0,0.0714285714285714,0,0.0714285714285714,0,0,0.142857142857143,0.214285714285714,0,0.214285714285714,0.428571428571429,0,0,0,0.428571428571429,0.285714285714286,0,0,0.285714285714286,0,0,0,0.214285714285714,0.214285714285714,0.428571428571429,0,0.142857142857143,0,0,0,0.571428571428571,0.214285714285714,0.214285714285714,0,0,0,0,0,0.0714285714285714,0,0.857142857142857,0,0.0714285714285714,0,0,0,0.785714285714286,0.214285714285714,0,0,0,0,0.928571428571429,0.0714285714285714,0,0,0,0.571428571428571,0.357142857142857,0.0714285714285714,0,0,0,0,0,0.0714285714285714,0,0.357142857142857,0,0.571428571428571,0,0,0,0,0,0.0714285714285714,0.357142857142857,0.142857142857143,0.357142857142857,0,0.0714285714285714,0,0,0,0,0.714285714285714,0.285714285714286,0,0,0,0.857142857142857,0,0.0714285714285714,0.0714285714285714,0,0,0,0,0,0,0,0,0.714285714285714,0,0.214285714285714,0.0714285714285714,0,0,0,0,0,0,0,0.142857142857143,0.285714285714286,0,0,0.214285714285714,0.357142857142857,0,0,0,0,0,0,0,0.357142857142857,0.214285714285714,0,0.428571428571429,0,0,0,0,0,0,0,0
"HZ",0.136363636363636,0,0.712121212121212,0.151515151515152,0.378787878787879,0.424242424242424,0,0.0757575757575758,0.121212121212121,0,0.515151515151515,0.0303030303030303,0,0.287878787878788,0.166666666666667,0,0.0909090909090909,0.575757575757576,0,0,0.0303030303030303,0.272727272727273,0,0,0.0151515151515152,0,0,0.0151515151515152,0,0,0.924242424242424,0,0.0151515151515152,0,0.0606060606060606,0,0,0.166666666666667,0.272727272727273,0.515151515151515,0.0303030303030303,0,0.0151515151515152,0.166666666666667,0.348484848484849,0.318181818181818,0,0,0,0.0151515151515152,0.151515151515152,0,0,0.545454545454545,0.0454545454545455,0,0,0,0.227272727272727,0.166666666666667,0,0.0151515151515152,0,0.242424242424242,0.545454545454545,0.212121212121212,0,0,0.5,0.0303030303030303,0.409090909090909,0.0454545454545455,0,0,0.0151515151515152,0,0.681818181818182,0.166666666666667,0.151515151515152,0,0,0.0757575757575758,0.212121212121212,0,0.106060606060606,0.5,0,0,0.0757575757575758,0,0,0.0303030303030303,0,0,0,0,0.151515151515152,0.393939393939394,0.454545454545455,0,0,0.575757575757576,0.242424242424242,0.0151515151515152,0.0151515151515152,0.151515151515152,0,0,0.0606060606060606,0.0757575757575758,0.333333333333333,0.378787878787879,0.136363636363636,0,0.0151515151515152,0,0,0,0.954545454545455,0.0454545454545455,0,0,0,0.363636363636364,0.46969696969697,0.0454545454545455,0.121212121212121,0,0.742424242424242,0,0.257575757575758,0,0,0,0.0454545454545455,0.287878787878788,0.0757575757575758,0.363636363636364,0.227272727272727,0,0,0.666666666666667,0.0454545454545455,0,0,0.287878787878788,0,0,0,0.0454545454545455,0.106060606060606,0.696969696969697,0.151515151515152,0,0,0.348484848484849,0.166666666666667,0,0.0454545454545455,0.424242424242424,0,0,0,0.0151515151515152,0,0.227272727272727,0.575757575757576,0,0,0,0.0454545454545455,0,0.106060606060606,0,0.0454545454545455,0,0.196969696969697,0.46969696969697,0.0151515151515152,0.257575757575758,0,0.0606060606060606,0,0.53030303030303,0.378787878787879,0.0757575757575758,0.0151515151515152,0.378787878787879,0.53030303030303,0,0,0.0606060606060606,0.0303030303030303,0.196969696969697,0.590909090909091,0.0757575757575758,0.136363636363636,0,0,0,0.818181818181818,0.0606060606060606,0.0151515151515152,0.106060606060606,0.363636363636364,0.636363636363636,0,0,0,0,0.0757575757575758,0.106060606060606,0.712121212121212,0.106060606060606,0,0,0,0,0.5,0.424242424242424,0,0.0757575757575758,0,0.575757575757576,0.121212121212121,0.227272727272727,0,0.0757575757575758,0,0.681818181818182,0.0606060606060606,0.106060606060606,0.151515151515152,0,0.833333333333333,0.0454545454545455,0.0151515151515152,0.106060606060606,0,0.727272727272727,0,0.181818181818182,0.0151515151515152,0.0757575757575758,0,0,0,0.0454545454545455,0,0.439393939393939,0.515151515151515,0,0,0,0.515151515151515,0.106060606060606,0,0.0909090909090909,0.287878787878788,0,0,0,0.0909090909090909,0.0151515151515152,0.833333333333333,0,0.0606060606060606,0,0.0303030303030303,0.0606060606060606,0.5,0.257575757575758,0.151515151515152,0,0,0,0,0,0.318181818181818,0.0151515151515152,0.393939393939394,0.121212121212121,0.0454545454545455,0.0757575757575758,0.0303030303030303,0,0.596774193548387,0.209677419354839,0.193548387096774,0,0,0,0.863636363636364,0.121212121212121,0,0.0151515151515152,0,0.606060606060606,0.272727272727273,0.0757575757575758,0,0,0.0303030303030303,0,0.0151515151515152,0.121212121212121,0,0.212121212121212,0,0.46969696969697,0.151515151515152,0.0454545454545455,0,0,0,0.106060606060606,0.484848484848485,0.257575757575758,0.0606060606060606,0,0.0909090909090909,0,0,0,0.0151515151515152,0.515151515151515,0.181818181818182,0.272727272727273,0,0.0151515151515152,0.681818181818182,0,0.181818181818182,0.136363636363636,0,0,0,0,0,0,0,0,0.318181818181818,0.121212121212121,0.106060606060606,0.348484848484849,0.106060606060606,0,0,0,0,0,0,0.212121212121212,0.242424242424242,0,0.196969696969697,0.151515151515152,0.196969696969697,0,0,0,0,0,0,0,0.0606060606060606,0.515151515151515,0.287878787878788,0.106060606060606,0.0303030303030303,0,0,0,0,0,0,0
"WBNPGR",0.25,0,0.6,0.15,0.2,0.4,0,0.3,0.1,0,0.25,0.15,0.05,0.4,0.05,0.1,0.2,0.35,0,0.1,0.2,0.05,0.05,0,0,0,0.05,0,0,0,0.95,0.05,0,0,0,0,0,0.35,0.4,0.25,0,0,0,0.2,0.45,0.2,0,0,0,0.05,0,0.05,0.05,0.7,0.2,0,0,0,0.1,0,0,0,0,0.55,0.35,0.1,0,0,0.25,0.1,0.4,0.1,0.15,0,0,0,0.7,0.05,0.25,0,0,0.35,0.3,0.05,0,0.1,0.1,0.05,0.05,0,0,0,0,0,0,0,0,0.5,0.5,0,0,0.3,0.5,0,0,0.1,0.05,0.05,0.2,0.05,0.25,0.5,0,0,0,0,0,0,0.95,0.05,0,0,0,0.25,0.65,0.05,0.05,0,0.7,0.15,0.1,0,0.05,0,0.15,0.45,0,0.15,0.15,0.1,0,0.55,0.1,0.1,0.1,0.15,0,0,0,0.1,0.1,0.65,0.05,0.05,0.05,0.4,0.15,0.05,0.1,0.25,0.05,0,0,0,0,0.3,0.55,0,0,0,0,0.05,0.1,0,0,0,0.15,0.55,0.2,0.1,0,0,0,0.611111111111111,0.388888888888889,0,0,0.15,0.7,0,0,0.05,0.1,0.3,0.35,0.2,0.1,0.05,0,0,0.4,0.25,0.35,0,0.55,0.4,0,0,0.05,0,0.3,0.1,0.5,0.1,0,0,0,0,0.7,0.25,0,0.05,0,0.6,0,0.2,0,0.2,0,0.35,0.25,0.05,0.35,0,0.5,0.35,0.05,0.1,0,0.35,0.15,0.15,0.05,0.3,0,0,0,0.25,0.15,0.15,0.4,0,0.05,0.1,0.2,0.25,0.15,0.2,0,0.1,0,0,0.2,0.2,0.55,0,0.05,0,0,0.2,0.3,0.25,0.1,0,0.15,0,0,0,0.15,0.25,0.35,0.15,0.1,0,0,0,0.8,0.05,0,0.15,0,0,0.85,0.1,0.05,0,0,0.35,0.4,0,0,0.2,0.05,0,0,0.1,0.05,0.05,0.05,0.65,0.1,0,0,0,0,0.2,0.15,0.6,0,0,0.05,0,0,0.1,0.05,0.2,0.3,0.35,0,0,0.55,0.05,0.35,0.05,0,0,0,0,0,0,0,0,0.45,0,0.15,0.3,0.1,0,0,0,0,0.05,0.05,0.1,0,0,0.15,0.65,0,0,0,0,0,0,0,0,0.6,0.05,0.15,0.2,0,0,0,0,0,0,0,0
"EINPW",0.373417721518987,0,0.544303797468354,0.0822784810126582,0.215189873417722,0.582278481012658,0,0.158227848101266,0.0443037974683544,0,0.487341772151899,0.164556962025316,0,0.341772151898734,0.00632911392405063,0,0.132911392405063,0.664556962025316,0,0,0.0759493670886076,0.0759493670886076,0.0506329113924051,0,0,0,0,0,0,0,0.974683544303797,0,0,0,0.0253164556962025,0,0,0.19620253164557,0.151898734177215,0.588607594936709,0.0632911392405063,0,0,0.246835443037975,0.265822784810127,0.360759493670886,0,0.0379746835443038,0.00632911392405063,0.0632911392405063,0.0189873417721519,0,0,0.683544303797468,0.0632911392405063,0,0.00632911392405063,0,0.113924050632911,0.132911392405063,0,0,0,0.246835443037975,0.620253164556962,0.126582278481013,0.00632911392405063,0,0.373417721518987,0.0126582278481013,0.462025316455696,0.151898734177215,0,0,0,0,0.645569620253165,0.0822784810126582,0.272151898734177,0,0,0.19620253164557,0.170886075949367,0,0.120253164556962,0.462025316455696,0.0189873417721519,0,0.0316455696202532,0,0,0,0,0,0,0,0.189873417721519,0.284810126582278,0.525316455696203,0,0,0.284810126582278,0.512658227848101,0.0253164556962025,0.0316455696202532,0.120253164556962,0.0253164556962025,0,0.0822784810126582,0.107594936708861,0.145569620253165,0.575949367088608,0.0886075949367089,0,0,0,0,0,0.987341772151899,0.00632911392405063,0,0,0.00632911392405063,0.19620253164557,0.613924050632911,0.0443037974683544,0.145569620253165,0,0.727848101265823,0,0.246835443037975,0.0253164556962025,0,0,0.132911392405063,0.234177215189873,0.0126582278481013,0.443037974683544,0.0569620253164557,0.120253164556962,0,0.518987341772152,0.113924050632911,0,0,0.367088607594937,0,0,0,0.0189873417721519,0.126582278481013,0.791139240506329,0.0189873417721519,0,0.0443037974683544,0.30379746835443,0.329113924050633,0.0126582278481013,0.0379746835443038,0.316455696202532,0,0,0,0,0,0.265822784810127,0.544303797468354,0,0,0.0126582278481013,0.10126582278481,0.0126582278481013,0,0,0.0632911392405063,0,0.132911392405063,0.569620253164557,0.069620253164557,0.164556962025316,0.0253164556962025,0.0379746835443038,0,0.455696202531646,0.221518987341772,0.265822784810127,0.0569620253164557,0.588607594936709,0.348101265822785,0,0,0.0316455696202532,0.0316455696202532,0.158227848101266,0.443037974683544,0.0759493670886076,0.322784810126582,0,0,0,0.683544303797468,0.145569620253165,0.00632911392405063,0.164556962025316,0.29746835443038,0.658227848101266,0,0.0443037974683544,0,0,0.126582278481013,0.120253164556962,0.70253164556962,0.0506329113924051,0,0,0,0,0.455696202531646,0.424050632911392,0,0.120253164556962,0,0.620253164556962,0.069620253164557,0.189873417721519,0.00632911392405063,0.113924050632911,0,0.544303797468354,0.113924050632911,0.113924050632911,0.227848101265823,0,0.778481012658228,0.126582278481013,0,0.0949367088607595,0,0.481012658227848,0,0.170886075949367,0.069620253164557,0.240506329113924,0.0379746835443038,0,0.00632911392405063,0.183544303797468,0.00632911392405063,0.335443037974684,0.468354430379747,0,0,0,0.417721518987342,0.221518987341772,0.0126582278481013,0.113924050632911,0.20253164556962,0.0316455696202532,0,0,0.183544303797468,0.0253164556962025,0.70253164556962,0,0.0886075949367089,0,0,0.120253164556962,0.449367088607595,0.284810126582278,0.10126582278481,0.0379746835443038,0.00632911392405063,0,0,0,0.139240506329114,0.0822784810126582,0.708860759493671,0.0316455696202532,0.0379746835443038,0,0,0,0.588607594936709,0.348101265822785,0.0379746835443038,0.0253164556962025,0,0,0.936708860759494,0.0506329113924051,0.0126582278481013,0,0,0.575949367088608,0.227848101265823,0.120253164556962,0,0,0.0759493670886076,0,0,0.0949367088607595,0,0.151898734177215,0.0126582278481013,0.481012658227848,0.246835443037975,0.0126582278481013,0,0,0,0.234177215189873,0.40506329113924,0.20253164556962,0.0632911392405063,0,0.0949367088607595,0,0,0,0.0379746835443038,0.322784810126582,0.240506329113924,0.39873417721519,0,0,0.715189873417722,0,0.189873417721519,0.0949367088607595,0,0,0,0,0,0,0,0,0.455696202531646,0.0506329113924051,0.164556962025316,0.227848101265823,0.10126582278481,0,0,0,0,0,0,0.069620253164557,0.316455696202532,0,0.208860759493671,0.19620253164557,0.20253164556962,0,0.00632911392405063,0,0,0,0,0,0.113924050632911,0.329113924050633,0.221518987341772,0.316455696202532,0.0189873417721519,0,0,0,0,0,0,0
"ETH",0.458333333333333,0,0.375,0.166666666666667,0.166666666666667,0.583333333333333,0,0.25,0,0,0.5,0.0833333333333333,0,0.416666666666667,0,0,0.166666666666667,0.583333333333333,0,0,0.25,0,0,0,0,0,0,0,0,0,1,0,0,0,0,0,0,0.333333333333333,0.0416666666666667,0.583333333333333,0.0416666666666667,0,0,0.208333333333333,0.333333333333333,0.375,0,0.0416666666666667,0,0.0416666666666667,0,0,0,0.458333333333333,0.333333333333333,0,0,0,0.125,0.0833333333333333,0,0,0,0.458333333333333,0.416666666666667,0.125,0,0,0.416666666666667,0.0416666666666667,0.416666666666667,0.125,0,0,0,0,0.75,0.0416666666666667,0.208333333333333,0,0,0.208333333333333,0.0416666666666667,0,0.25,0.5,0,0,0,0,0,0,0,0,0,0,0.125,0.5,0.375,0,0,0.375,0.625,0,0,0,0,0,0.0416666666666667,0.0416666666666667,0.5,0.375,0.0416666666666667,0,0,0,0,0,1,0,0,0,0,0.208333333333333,0.5,0.0833333333333333,0.208333333333333,0,0.791666666666667,0,0.166666666666667,0.0416666666666667,0,0,0.458333333333333,0.166666666666667,0.0833333333333333,0.125,0.0416666666666667,0.125,0,0.458333333333333,0.166666666666667,0,0,0.375,0,0,0,0.166666666666667,0.0416666666666667,0.791666666666667,0,0,0,0.208333333333333,0.375,0,0.166666666666667,0.25,0,0,0,0,0,0.25,0.5,0,0,0,0.0833333333333333,0.0416666666666667,0,0,0.125,0,0.166666666666667,0.333333333333333,0,0.5,0,0,0,0.625,0.333333333333333,0.0416666666666667,0,0.333333333333333,0.625,0,0,0.0416666666666667,0,0.0833333333333333,0.375,0.125,0.416666666666667,0,0,0,0.541666666666667,0.208333333333333,0,0.25,0.583333333333333,0.416666666666667,0,0,0,0,0,0.25,0.708333333333333,0.0416666666666667,0,0,0,0,0.375,0.625,0,0,0,0.833333333333333,0,0.0416666666666667,0,0.125,0,0.541666666666667,0,0.125,0.333333333333333,0,0.958333333333333,0.0416666666666667,0,0,0,0.583333333333333,0,0.208333333333333,0.0833333333333333,0.125,0,0,0,0.0833333333333333,0,0.166666666666667,0.75,0,0,0,0.25,0.166666666666667,0,0.25,0.333333333333333,0,0,0,0.375,0.0416666666666667,0.458333333333333,0,0.125,0,0,0.166666666666667,0.75,0.0416666666666667,0.0416666666666667,0,0,0,0,0,0.0416666666666667,0.25,0.625,0,0.0833333333333333,0,0,0,0.625,0.375,0,0,0,0,1,0,0,0,0,0.625,0.291666666666667,0,0,0,0.0833333333333333,0,0,0,0,0.291666666666667,0,0.375,0.333333333333333,0,0,0,0,0.166666666666667,0.5,0.0416666666666667,0.0416666666666667,0,0.25,0,0,0,0.208333333333333,0.208333333333333,0.333333333333333,0.25,0,0,0.625,0,0.166666666666667,0.208333333333333,0,0,0,0,0,0,0,0,0.583333333333333,0,0.25,0.125,0.0416666666666667,0,0,0,0,0,0.0416666666666667,0.291666666666667,0.333333333333333,0,0.0833333333333333,0.25,0,0,0,0,0,0,0,0,0.0416666666666667,0.291666666666667,0.125,0.541666666666667,0,0,0,0,0,0,0,0
"WBNPPAD",0.42,0,0.54,0.04,0.3,0.32,0,0.24,0.12,0.02,0.28,0.22,0.08,0.24,0.02,0.16,0.16,0.4,0,0.08,0.22,0.02,0.08,0.02,0,0,0.02,0,0,0,0.92,0.06,0,0,0.02,0,0,0.42,0.28,0.24,0.02,0.04,0,0.24,0.3,0.16,0.02,0.04,0,0.16,0.04,0.02,0.02,0.6,0.26,0,0,0,0.06,0.06,0.02,0,0,0.44,0.34,0.2,0.02,0,0.14,0.08,0.64,0.1,0.04,0,0,0,0.78,0.02,0.18,0.02,0,0.32,0.28,0.04,0,0.14,0.04,0.02,0.12,0,0.04,0,0,0,0,0,0.16,0.36,0.46,0,0.02,0.5,0.1,0.06,0.04,0.16,0.12,0.02,0.16,0.2,0.16,0.42,0.04,0,0,0,0.02,0,0.92,0.02,0,0.04,0.02,0.28,0.58,0.1,0.04,0,0.72,0.12,0.08,0.08,0,0,0.36,0.18,0.04,0.18,0.08,0.08,0.08,0.56,0.2,0.14,0.02,0.06,0,0.02,0,0.06,0.14,0.7,0.08,0,0.02,0.3,0.24,0.06,0.12,0.24,0.04,0,0,0,0,0.18,0.42,0.02,0.02,0.04,0.08,0.04,0.16,0,0,0.04,0.1,0.54,0.24,0.12,0,0,0,0.48,0.46,0.04,0.02,0.26,0.58,0,0,0.04,0.12,0.24,0.32,0.12,0.28,0.04,0,0,0.48,0.3,0.12,0.1,0.46,0.5,0,0.04,0,0,0.16,0.3,0.46,0.06,0.02,0,0,0.1,0.52,0.26,0.02,0.08,0.02,0.58,0.06,0.16,0.02,0.18,0,0.54,0.16,0.02,0.28,0,0.56,0.32,0.06,0.06,0,0.48,0.06,0.2,0.04,0.2,0,0.02,0.04,0.36,0.14,0.26,0.2,0,0,0.2,0.22,0.3,0.06,0.12,0.06,0.04,0,0,0.22,0.14,0.54,0.02,0.04,0.04,0,0.32,0.42,0.2,0.04,0,0.02,0,0,0,0.1,0.3,0.42,0.14,0.04,0,0,0,0.604166666666667,0.208333333333333,0.0833333333333333,0.0833333333333333,0.0208333333333333,0,0.62,0.34,0.04,0,0,0.42,0.32,0.1,0,0.16,0,0,0,0.1,0.08,0,0.24,0.52,0.06,0,0,0,0,0.12,0.14,0.38,0.1,0,0.26,0,0,0.06,0.12,0.2,0.26,0.36,0,0,0.62,0,0.34,0.02,0.02,0,0,0,0,0,0,0,0.52,0.02,0.22,0.2,0.04,0,0,0,0,0.08,0.08,0.18,0.06,0.02,0.24,0.28,0,0,0.06,0,0,0,0,0,0.3,0.34,0.18,0.14,0.02,0.02,0,0,0,0,0,0
"MBS",0.518518518518518,0,0.425925925925926,0.0555555555555556,0.104938271604938,0.518518518518518,0,0.290123456790123,0.00617283950617284,0.0802469135802469,0.166666666666667,0.283950617283951,0.037037037037037,0.487654320987654,0,0.0246913580246914,0.197530864197531,0.617283950617284,0,0,0.179012345679012,0,0.00617283950617284,0,0,0,0,0,0,0,0.839506172839506,0.141975308641975,0,0,0.0185185185185185,0,0,0.222222222222222,0.327160493827161,0.388888888888889,0.0555555555555556,0.00617283950617284,0,0.0802469135802469,0.592592592592593,0.160493827160494,0,0.0432098765432099,0,0.037037037037037,0.0617283950617284,0.0246913580246914,0,0.512345679012346,0.382716049382716,0,0,0,0.0925925925925926,0.00617283950617284,0,0,0.00617283950617284,0.191358024691358,0.45679012345679,0.351851851851852,0,0,0.160493827160494,0.0617283950617284,0.58641975308642,0.185185185185185,0.00617283950617284,0,0,0,0.771604938271605,0,0.228395061728395,0,0,0.0925925925925926,0.302469135802469,0.0185185185185185,0.123456790123457,0.265432098765432,0,0,0.191358024691358,0,0,0,0,0,0.00617283950617284,0,0.166666666666667,0.388888888888889,0.444444444444444,0,0,0.376543209876543,0.222222222222222,0,0.191358024691358,0.0617283950617284,0.148148148148148,0,0.0617283950617284,0.432098765432099,0.141975308641975,0.333333333333333,0.0246913580246914,0,0,0.00617283950617284,0,0,0.919753086419753,0.0802469135802469,0,0,0,0.339506172839506,0.462962962962963,0.0617283950617284,0.135802469135802,0,0.814814814814815,0.00617283950617284,0.166666666666667,0.0123456790123457,0,0,0.419753086419753,0.382716049382716,0.0617283950617284,0,0.0740740740740741,0.0432098765432099,0.0185185185185185,0.648148148148148,0.0617283950617284,0.0493827160493827,0,0.240740740740741,0,0,0,0.259259259259259,0.037037037037037,0.623456790123457,0.0740740740740741,0,0.00617283950617284,0.197530864197531,0.117283950617284,0.166666666666667,0.271604938271605,0.222222222222222,0.00617283950617284,0.00617283950617284,0,0,0.0123456790123457,0.283950617283951,0.475308641975309,0.0185185185185185,0,0.0432098765432099,0.0987654320987654,0.0185185185185185,0.0617283950617284,0,0,0,0.172839506172839,0.648148148148148,0.12962962962963,0.0493827160493827,0,0,0,0.611111111111111,0.265432098765432,0.0493827160493827,0.0740740740740741,0.277777777777778,0.598765432098765,0,0,0,0.123456790123457,0.333333333333333,0.314814814814815,0.0123456790123457,0.308641975308642,0.0308641975308642,0,0,0.598765432098765,0.296296296296296,0.0925925925925926,0.0123456790123457,0.339506172839506,0.598765432098765,0,0.0617283950617284,0,0,0.228395061728395,0.240740740740741,0.444444444444444,0.0802469135802469,0.00617283950617284,0,0,0.135802469135802,0.450617283950617,0.290123456790123,0.0123456790123457,0.111111111111111,0,0.444444444444444,0,0.333333333333333,0.00617283950617284,0.216049382716049,0,0.62962962962963,0.0123456790123457,0.197530864197531,0.160493827160494,0,0.518518518518518,0.308641975308642,0.0740740740740741,0.0987654320987654,0,0.425925925925926,0.172839506172839,0.259259259259259,0,0.117283950617284,0,0.0246913580246914,0.0246913580246914,0.320987654320988,0.0432098765432099,0.358024691358025,0.253086419753086,0,0,0,0.123456790123457,0.518518518518518,0.0740740740740741,0.246913580246914,0.037037037037037,0,0,0,0.111111111111111,0.0802469135802469,0.58641975308642,0,0.0925925925925926,0.12962962962963,0,0.419753086419753,0.358024691358025,0.222222222222222,0,0,0,0,0,0,0.0740740740740741,0.253086419753086,0.228395061728395,0.277777777777778,0.141975308641975,0.0246913580246914,0,0,0.628205128205128,0.205128205128205,0.121794871794872,0.0448717948717949,0,0,0.95679012345679,0.0432098765432099,0,0,0,0.34375,0.38125,0.1125,0,0.04375,0.11875,0,0,0.148148148148148,0.0123456790123457,0.0555555555555556,0.135802469135802,0.45679012345679,0.179012345679012,0,0,0.00617283950617284,0.00617283950617284,0.117283950617284,0.407407407407407,0.290123456790123,0.0493827160493827,0,0.111111111111111,0.0123456790123457,0.0123456790123457,0.00617283950617284,0.0555555555555556,0.234567901234568,0.308641975308642,0.395061728395062,0,0,0.524691358024691,0.00617283950617284,0.438271604938272,0.0246913580246914,0,0,0.00617283950617284,0,0,0,0,0,0.462962962962963,0.0432098765432099,0.0864197530864197,0.277777777777778,0.12962962962963,0,0,0,0,0.141975308641975,0.0617283950617284,0.228395061728395,0.0987654320987654,0.00617283950617284,0.123456790123457,0.339506172839506,0,0,0,0,0,0,0,0,0.117283950617284,0.172839506172839,0.351851851851852,0.351851851851852,0,0.00617283950617284,0,0,0,0,0,0
"WBNPLB",0.272727272727273,0,0.545454545454545,0.181818181818182,0.318181818181818,0.545454545454545,0,0.136363636363636,0,0,0.136363636363636,0.227272727272727,0,0.5,0,0.136363636363636,0.227272727272727,0.5,0,0.0454545454545455,0.136363636363636,0,0.0454545454545455,0,0,0,0,0,0,0.0454545454545455,0.909090909090909,0.0909090909090909,0,0,0,0,0,0.227272727272727,0.681818181818182,0.0909090909090909,0,0,0,0.136363636363636,0.454545454545455,0.136363636363636,0,0,0.0454545454545455,0.0454545454545455,0.181818181818182,0,0,0.636363636363636,0.318181818181818,0.0454545454545455,0,0,0,0,0,0,0,0.5,0.363636363636364,0.136363636363636,0,0,0.0909090909090909,0,0.818181818181818,0.0909090909090909,0,0,0,0,0.681818181818182,0.0454545454545455,0.272727272727273,0,0,0.272727272727273,0.227272727272727,0,0.0909090909090909,0.227272727272727,0,0.0454545454545455,0.136363636363636,0,0,0,0,0,0,0,0.136363636363636,0.181818181818182,0.681818181818182,0,0,0.454545454545455,0.318181818181818,0,0.0454545454545455,0.136363636363636,0.0454545454545455,0,0.0454545454545455,0.363636363636364,0.136363636363636,0.454545454545455,0,0,0,0,0,0,0.95,0,0,0.05,0,0.318181818181818,0.590909090909091,0,0.0909090909090909,0,0.590909090909091,0.272727272727273,0.0909090909090909,0.0454545454545455,0,0,0.454545454545455,0.227272727272727,0.0454545454545455,0.0909090909090909,0,0,0.181818181818182,0.409090909090909,0.318181818181818,0.181818181818182,0,0.0909090909090909,0,0,0,0.181818181818182,0.0909090909090909,0.681818181818182,0.0454545454545455,0,0,0.272727272727273,0.136363636363636,0,0.0909090909090909,0.5,0,0,0,0,0,0.227272727272727,0.545454545454545,0,0,0.0454545454545455,0.0454545454545455,0,0.136363636363636,0,0,0,0.25,0.7,0.05,0,0,0,0,0.454545454545455,0.363636363636364,0.136363636363636,0.0454545454545455,0.35,0.55,0,0,0.05,0.05,0.318181818181818,0.363636363636364,0.136363636363636,0.136363636363636,0.0454545454545455,0,0,0.727272727272727,0.181818181818182,0.0909090909090909,0,0.409090909090909,0.590909090909091,0,0,0,0,0.0909090909090909,0.0909090909090909,0.727272727272727,0.0454545454545455,0.0454545454545455,0,0,0.0454545454545455,0.363636363636364,0.318181818181818,0.0454545454545455,0.227272727272727,0,0.545454545454545,0.0454545454545455,0.136363636363636,0,0.272727272727273,0,0.5,0,0.136363636363636,0.363636363636364,0,0.545454545454545,0.272727272727273,0.0454545454545455,0.136363636363636,0,0.318181818181818,0.227272727272727,0.227272727272727,0,0.227272727272727,0,0,0,0.363636363636364,0.136363636363636,0.0454545454545455,0.454545454545455,0,0,0.272727272727273,0.227272727272727,0.272727272727273,0.0909090909090909,0.0909090909090909,0,0,0.0454545454545455,0,0.318181818181818,0.136363636363636,0.5,0,0,0.0454545454545455,0,0.363636363636364,0.318181818181818,0.227272727272727,0.0454545454545455,0,0.0454545454545455,0,0,0,0.136363636363636,0.181818181818182,0.545454545454545,0.0454545454545455,0.0909090909090909,0,0,0,0.636363636363636,0.181818181818182,0,0.136363636363636,0,0.0454545454545455,0.954545454545455,0.0454545454545455,0,0,0,0.272727272727273,0.545454545454545,0,0,0.181818181818182,0,0,0,0.15,0.05,0.1,0.2,0.45,0.05,0,0,0,0,0.181818181818182,0.363636363636364,0.363636363636364,0,0,0.0909090909090909,0,0,0,0,0.318181818181818,0.318181818181818,0.363636363636364,0,0,0.409090909090909,0.136363636363636,0.454545454545455,0,0,0,0,0,0,0,0,0,0.454545454545455,0.0454545454545455,0.0909090909090909,0.363636363636364,0,0.0454545454545455,0,0,0,0,0,0.136363636363636,0.363636363636364,0,0.0909090909090909,0.272727272727273,0.136363636363636,0,0,0,0,0,0,0,0.318181818181818,0.181818181818182,0.272727272727273,0.227272727272727,0,0,0,0,0,0,0,0
"WBNPNY",0.333333333333333,0,0.472222222222222,0.194444444444444,0.25,0.277777777777778,0,0.361111111111111,0.0833333333333333,0.0277777777777778,0.361111111111111,0.111111111111111,0.0833333333333333,0.25,0.0833333333333333,0.111111111111111,0.25,0.611111111111111,0,0.0555555555555556,0.0833333333333333,0,0,0,0,0,0,0,0,0,1,0,0,0,0,0,0,0.111111111111111,0.583333333333333,0.305555555555556,0,0,0,0.138888888888889,0.333333333333333,0.277777777777778,0,0,0,0.0833333333333333,0,0.166666666666667,0,0.611111111111111,0.222222222222222,0,0,0,0.0277777777777778,0.0833333333333333,0.0277777777777778,0,0.0277777777777778,0.527777777777778,0.166666666666667,0.305555555555556,0,0,0.277777777777778,0,0.666666666666667,0.0555555555555556,0,0,0,0,0.777777777777778,0.0277777777777778,0.194444444444444,0,0,0.305555555555556,0.194444444444444,0,0.0833333333333333,0.222222222222222,0.0555555555555556,0,0.0277777777777778,0,0.0555555555555556,0,0,0.0555555555555556,0,0,0.194444444444444,0.5,0.305555555555556,0,0,0.638888888888889,0.25,0,0,0.0833333333333333,0.0277777777777778,0,0.111111111111111,0,0.305555555555556,0.5,0.0833333333333333,0,0,0,0,0,1,0,0,0,0,0.166666666666667,0.527777777777778,0,0.277777777777778,0.0277777777777778,0.666666666666667,0.0277777777777778,0.25,0.0555555555555556,0,0,0.25,0.277777777777778,0.111111111111111,0.0277777777777778,0.0833333333333333,0.194444444444444,0.0555555555555556,0.5,0.0833333333333333,0.25,0,0.166666666666667,0,0,0,0.138888888888889,0,0.805555555555556,0.0277777777777778,0,0.0277777777777778,0.444444444444444,0.166666666666667,0.0277777777777778,0.0833333333333333,0.277777777777778,0,0,0,0,0,0.147058823529412,0.588235294117647,0,0,0,0.0294117647058824,0,0.147058823529412,0.0882352941176471,0,0,0.277777777777778,0.5,0.111111111111111,0.111111111111111,0,0,0,0.444444444444444,0.361111111111111,0.111111111111111,0.0833333333333333,0.388888888888889,0.555555555555556,0.0277777777777778,0,0,0.0277777777777778,0.333333333333333,0.222222222222222,0.0555555555555556,0.361111111111111,0,0,0.0277777777777778,0.666666666666667,0.138888888888889,0.111111111111111,0.0833333333333333,0.527777777777778,0.305555555555556,0.0555555555555556,0.111111111111111,0,0,0.147058823529412,0.205882352941176,0.588235294117647,0.0294117647058824,0.0294117647058824,0,0,0.0277777777777778,0.666666666666667,0.111111111111111,0.0555555555555556,0.138888888888889,0,0.444444444444444,0.0833333333333333,0.361111111111111,0,0.111111111111111,0,0.527777777777778,0.25,0,0.222222222222222,0,0.722222222222222,0.277777777777778,0,0,0,0.5,0.25,0.166666666666667,0,0.0833333333333333,0,0,0.0277777777777778,0.305555555555556,0.111111111111111,0.222222222222222,0.333333333333333,0,0,0,0.472222222222222,0.111111111111111,0.166666666666667,0,0.111111111111111,0.0833333333333333,0.0555555555555556,0,0.166666666666667,0.0833333333333333,0.694444444444444,0,0.0555555555555556,0,0,0.277777777777778,0.333333333333333,0.222222222222222,0.111111111111111,0,0,0,0.0555555555555556,0,0.0555555555555556,0.222222222222222,0.472222222222222,0.138888888888889,0.111111111111111,0,0,0,0.846153846153846,0.0384615384615385,0.0769230769230769,0.0384615384615385,0,0,0.861111111111111,0.138888888888889,0,0,0,0.5,0.305555555555556,0.0277777777777778,0,0.166666666666667,0,0,0,0.0555555555555556,0.0833333333333333,0.194444444444444,0.111111111111111,0.388888888888889,0.166666666666667,0,0,0,0,0.0833333333333333,0.361111111111111,0.472222222222222,0.0555555555555556,0,0.0277777777777778,0,0,0,0,0.138888888888889,0.361111111111111,0.5,0,0,0.666666666666667,0,0.194444444444444,0.138888888888889,0,0,0,0,0,0,0,0,0.5,0.125,0.21875,0.15625,0,0,0,0,0,0,0.0555555555555556,0.166666666666667,0.166666666666667,0.0555555555555556,0.0277777777777778,0.333333333333333,0.194444444444444,0,0,0,0,0,0,0,0.305555555555556,0.138888888888889,0.361111111111111,0.166666666666667,0,0.0277777777777778,0,0,0,0,0,0
"WBNPHC",0.354166666666667,0.0625,0.541666666666667,0.0416666666666667,0.229166666666667,0.291666666666667,0.0833333333333333,0.354166666666667,0.0416666666666667,0,0.395833333333333,0.166666666666667,0.0416666666666667,0.333333333333333,0.0208333333333333,0.0416666666666667,0.208333333333333,0.333333333333333,0.0208333333333333,0.104166666666667,0.229166666666667,0.0208333333333333,0.0833333333333333,0,0,0,0,0,0,0,0.895833333333333,0.0208333333333333,0,0.0625,0.0208333333333333,0,0,0.270833333333333,0.3125,0.375,0.0416666666666667,0,0,0.152173913043478,0.391304347826087,0.326086956521739,0,0.0217391304347826,0,0.0434782608695652,0,0.0652173913043478,0,0.666666666666667,0.229166666666667,0,0,0,0.0416666666666667,0.0416666666666667,0.0208333333333333,0,0,0.5,0.354166666666667,0.145833333333333,0,0,0.229166666666667,0.0208333333333333,0.583333333333333,0.0833333333333333,0.0208333333333333,0.0625,0,0,0.833333333333333,0.0208333333333333,0.145833333333333,0,0,0.270833333333333,0.270833333333333,0,0,0.3125,0.0833333333333333,0,0.0416666666666667,0,0,0,0,0,0,0.0208333333333333,0.1875,0.166666666666667,0.645833333333333,0,0,0.458333333333333,0.270833333333333,0,0.0625,0.0625,0.104166666666667,0.0416666666666667,0.145833333333333,0.1875,0.0625,0.5625,0.0208333333333333,0,0,0,0,0.0208333333333333,0.916666666666667,0.0833333333333333,0,0,0,0.333333333333333,0.395833333333333,0.0625,0.208333333333333,0,0.729166666666667,0.0625,0.166666666666667,0.0416666666666667,0,0,0.229166666666667,0.354166666666667,0.0625,0.1875,0.0833333333333333,0.0625,0.0208333333333333,0.6875,0.104166666666667,0.0833333333333333,0.0416666666666667,0.0833333333333333,0,0,0,0.0833333333333333,0.0416666666666667,0.770833333333333,0.0833333333333333,0.0208333333333333,0,0.291666666666667,0.208333333333333,0.0833333333333333,0.104166666666667,0.208333333333333,0.104166666666667,0,0,0,0,0.25,0.416666666666667,0.0625,0.0625,0.0416666666666667,0.0625,0.0416666666666667,0.0625,0,0,0,0.1875,0.604166666666667,0.0833333333333333,0.0625,0.0416666666666667,0.0208333333333333,0,0.4375,0.375,0.166666666666667,0.0208333333333333,0.3125,0.479166666666667,0,0.0208333333333333,0.0416666666666667,0.145833333333333,0.1875,0.375,0.0416666666666667,0.291666666666667,0.104166666666667,0,0,0.541666666666667,0.1875,0.1875,0.0833333333333333,0.479166666666667,0.458333333333333,0,0.0208333333333333,0.0416666666666667,0,0.104166666666667,0.333333333333333,0.458333333333333,0.0625,0.0416666666666667,0,0,0.0833333333333333,0.479166666666667,0.291666666666667,0.0416666666666667,0.0625,0.0416666666666667,0.604166666666667,0.0625,0.229166666666667,0.0416666666666667,0.0625,0,0.5,0.208333333333333,0.0625,0.229166666666667,0,0.5,0.395833333333333,0.0625,0.0416666666666667,0,0.4375,0.25,0.1875,0.0416666666666667,0.0625,0,0.0208333333333333,0.0416666666666667,0.229166666666667,0.125,0.1875,0.333333333333333,0,0.0833333333333333,0,0.291666666666667,0.3125,0.1875,0.145833333333333,0.0208333333333333,0.0416666666666667,0,0,0.208333333333333,0.104166666666667,0.5,0,0.0833333333333333,0.104166666666667,0,0.25,0.354166666666667,0.1875,0.1875,0,0.0208333333333333,0,0,0,0.104166666666667,0.166666666666667,0.4375,0.25,0.0416666666666667,0,0,0,0.520833333333333,0.291666666666667,0.0625,0.125,0,0,0.833333333333333,0.125,0.0416666666666667,0,0,0.291666666666667,0.5,0.0208333333333333,0.0208333333333333,0.145833333333333,0.0208333333333333,0,0,0.0833333333333333,0,0.0625,0.0833333333333333,0.708333333333333,0.0625,0,0,0,0,0.0625,0.333333333333333,0.479166666666667,0.0208333333333333,0,0.104166666666667,0,0,0,0.166666666666667,0.166666666666667,0.354166666666667,0.3125,0,0,0.604166666666667,0.0208333333333333,0.1875,0.0625,0.0208333333333333,0.0416666666666667,0,0.0625,0,0,0,0,0.5625,0,0.229166666666667,0.104166666666667,0.104166666666667,0,0,0,0,0.0833333333333333,0,0.1875,0.208333333333333,0.0625,0.1875,0.229166666666667,0.0208333333333333,0,0.0208333333333333,0,0,0,0,0,0.3125,0.229166666666667,0.1875,0.270833333333333,0,0,0,0,0,0,0,0
