"Population","Locus.1","Locus.2","p.value","std.err","switches","p.adj_herd"
"CL","AGLA232","BM1225",0.005348,0.000677,90809,0.0204645966101695
"CL","BM1225","BM1706",0.00311,0.000444,103579,0.0147253556485356
"CL","AGLA232","BM17132",0,0,52733,0
"CL","BM1706","BM17132",0.00449,0.000681,65903,0.0182833381294964
"CL","AGLA232","BM1824",0.00254,0.000863,40519,0.0129567567567568
"CL","BM1225","BM1824",0.00653,0.000969,63659,0.0231843018867925
"CL","BM1706","BM1824",0.01776,0.001545,51467,0.0440291868131868
"CL","BM17132","BM1824",0.003816,0.000873,34250,0.0164921379310345
"CL","BM1225","BM1862",0.010664,0.000717,113283,0.032077312
"CL","BM1225","BM2113",0.002224,0.000329,106351,0.0119997714285714
"CL","BM1706","BM2113",1.6e-05,1.6e-05,84907,0.000462769230769231
"CL","BM17132","BM2113",0.000762,0.000239,67232,0.00632011764705882
"CL","BM1862","BM2113",0.01644,0.000844,92542,0.0421461818181818
"CL","AGLA232","BM2830",0.001388,0.000218,84127,0.00905008092485549
"CL","BM1706","BM2830",0.017736,0.000691,92997,0.0440291868131868
"CL","BM1824","BM2830",0.011128,0.000736,59736,0.0329458897637795
"CL","BM1706","BM4107",0.020874,0.000615,198380,0.0497798562367865
"CL","BM1824","BM4107",0.00312,0.000295,155173,0.0147253556485356
"CL","AGLA232","BM4311",0.000444,0.000163,58588,0.00447171428571429
"CL","BM1225","BM4311",0.000148,7.8e-05,88998,0.00245505882352941
"CL","BM17132","BM4311",0,0,50546,0
"CL","BM1824","BM4311",0.001682,0.000506,40251,0.0104170491803279
"CL","BM2830","BM4311",0.013894,0.00079,82312,0.0374043723150358
"CL","BM4107","BM4311",0.010438,0.000486,189620,0.031565855227882
"CL","BM17132","BM4440",0.001366,0.000364,66831,0.00895841860465116
"CL","BM1824","BM4440",0.005636,0.000815,54272,0.0213790067114094
"CL","BM2113","BM4440",0.00982,0.000875,85382,0.0302649180327869
"CL","BM2830","BM4440",0.011214,0.00058,87308,0.0331135916230366
"CL","BM4311","BM4440",0.004434,0.000523,72528,0.0182538394160584
"CL","AGLA232","BM720",0,0,50595,0
"CL","BM1706","BM720",0.00014,0.000107,63280,0.00242690909090909
"CL","BM17132","BM720",0,0,44253,0
"CL","BM1824","BM720",0.000504,0.00049,34047,0.00469844628099174
"CL","BM2113","BM720",0.000364,0.000157,66091,0.00402541176470588
"CL","BM2830","BM720",0.004366,5e-04,73623,0.0180727912087912
"CL","BM4107","BM720",0.001036,0.000137,180615,0.00763796078431373
"CL","BM4311","BM720",0.000676,0.000259,50667,0.00585526717557252
"CL","BM1225","BM757",0.000122,5.5e-05,119924,0.00221961290322581
"CL","BM1706","BM757",0.008182,0.000735,96541,0.0267515826086957
"CL","BM17132","BM757",0.005648,0.000565,79806,0.0213790067114094
"CL","BM4107","BM757",0.00982,0.000476,208928,0.0302649180327869
"CL","BM4311","BM757",0.010244,0.000867,86112,0.0312303567567568
"CL","BM720","BM757",0.016152,0.001276,78224,0.041692118993135
"CL","AGLA232","BMC4214",0.001762,0.000259,108139,0.0105160634920635
"CL","BM1706","BMC4214",0.003726,0.000407,119185,0.0163538054474708
"CL","BM17132","BMC4214",0.012614,0.00093,98652,0.0353066799007444
"CL","BM1824","BMC4214",0.009788,0.001227,78617,0.0302649180327869
"CL","BM2830","BMC4214",0.000562,0.00015,135420,0.00511238709677419
"CL","BM4107","BMC4214",0.004498,0.000235,254004,0.0182833381294964
"CL","BM4311","BMC4214",0.008372,0.000762,105928,0.0270590716332378
"CL","BM4440","BMC4214",0.012198,0.000882,114357,0.0346696624685139
"CL","BM711","BMC4214",0.018216,0.000524,243057,0.0448638602620087
"CL","BM720","BMC4214",0.000414,0.000162,96095,0.00430502752293578
"CL","BM1225","BMS1001",0.017016,0.00119,82195,0.0432036674157303
"CL","BM1706","BMS1001",0.014728,0.00119,66062,0.0391820377358491
"CL","BM17132","BMS1001",0.011344,0.001307,50744,0.0331795647668394
"CL","BM1824","BMS1001",0.013524,0.001909,41146,0.036848
"CL","BM1862","BMS1001",0.000874,0.000203,72649,0.00689420979020979
"CL","BM2113","BMS1001",0.001756,0.000326,69091,0.0105160634920635
"CL","BM4311","BMS1001",0.001888,0.000653,56826,0.0110345284974093
"CL","BM720","BMS1001",0.005886,0.001029,50403,0.0218203278688525
"CL","BMC4214","BMS1001",6.8e-05,4.7e-05,96428,0.00156538775510204
"CL","AGLA232","BMS1074",0.000392,0.000184,47378,0.00417147169811321
"CL","BM1225","BMS1074",0.01254,0.001139,74724,0.0351868656716418
"CL","BM17132","BMS1074",0.000968,0.000381,43428,0.00730944
"CL","BM1824","BMS1074",0.001146,0.000461,31777,0.00823368152866242
"CL","BM1862","BMS1074",0.014328,0.001292,64061,0.0383895106888361
"CL","BM711","BMS1074",0.016638,0.000709,138948,0.0423751151241535
"CL","BM720","BMS1074",0.012306,0.001565,41866,0.0348773065326633
"CL","BMC4214","BMS1074",0.000312,0.000134,89045,0.003807
"CL","AGLA232","BMS1117",0.013814,0.001374,57782,0.037277971291866
"CL","BM17132","BMS1117",0.008092,0.001267,51227,0.0267440930232558
"CL","BM1824","BMS1117",0.001096,0.000619,40574,0.00793938461538462
"CL","BM2113","BMS1117",0.00329,0.000548,69949,0.015043044534413
"CL","BM4311","BMS1117",0,0,56974,0
"CL","BM720","BMS1117",0.019842,0.001712,49893,0.0479267152034261
"CL","BMC4214","BMS1117",0.019896,0.001157,98557,0.0479544615384615
"CL","BMS1001","BMS1117",0.00285,0.000697,54065,0.0137384615384615
"CL","AGLA232","BMS1172",0.006192,0.000574,111073,0.0223864615384615
"CL","BM1225","BMS1172",0.003152,0.000314,148488,0.0148144
"CL","BM1706","BMS1172",0.006682,0.000444,120758,0.0235408695652174
"CL","BM17132","BMS1172",0.000242,0.000105,103451,0.0033289756097561
"CL","BM2830","BMS1172",0.001006,0.000136,132734,0.0075101052631579
"CL","BM720","BMS1172",0.017978,0.001088,100366,0.0444718947368421
"CL","BMS1001","BMS1172",0.002508,0.000265,99011,0.0129179178082192
"CL","AGLA232","BMS1315",0.004154,0.000907,52739,0.0176154586466165
"CL","BM1225","BMS1315",0.000354,0.000178,81491,0.00395358415841584
"CL","BM1706","BMS1315",0.009514,0.000982,65018,0.0296458342541436
"CL","BM17132","BMS1315",0.004128,0.000727,45239,0.0175797735849057
"CL","BM1824","BMS1315",0.000388,0.000279,35591,0.00416822857142857
"CL","BM1862","BMS1315",0.000322,0.000156,73084,0.003807
"CL","BM2830","BMS1315",0.017044,0.000962,76467,0.0432036674157303
"CL","BM4107","BMS1315",0.000324,7.5e-05,180290,0.003807
"CL","BM4311","BMS1315",0,0,52075,0
"CL","BM720","BMS1315",0.000186,0.000152,44370,0.00283524324324324
"CL","BMC4214","BMS1315",0.012932,0.000957,98044,0.0359293004926108
"CL","BMS1001","BMS1315",0.017574,0.001458,51677,0.0439271150442478
"CL","BMS1074","BMS1315",0.000658,0.000226,42285,0.00575367441860465
"CL","BMS1117","BMS1315",0.00119,0.000662,51133,0.0083895
"CL","BM1225","BMS1355",0.003294,0.000273,147002,0.015043044534413
"CL","BM4311","BMS1355",0.00811,0.000524,104711,0.0267440930232558
"CL","BM720","BMS1355",8.6e-05,3.7e-05,94438,0.00183033962264151
"CL","BM757","BMS1355",0.015098,0.00067,130895,0.0395140232018562
"CL","BMS1074","BMS1355",0.014904,0.000751,86839,0.0392797009345794
"CL","AGLA232","BMS1675",0.004356,0.000525,132858,0.0180727912087912
"CL","BM17132","BMS1675",0.013592,0.000819,122169,0.0368552307692308
"CL","BM1824","BMS1675",0.012182,0.000903,101520,0.0346696624685139
"CL","BM1862","BMS1675",0.014838,0.00063,153045,0.0391973395784543
"CL","BMS1001","BMS1675",0.001792,0.000295,118941,0.0105949319371728
"CL","BMS1074","BMS1675",0.00128,0.000242,112943,0.00862352662721894
"CL","BMS1315","BMS1675",0.000292,9.4e-05,122431,0.00379418181818182
"CL","AGLA232","BMS1716",0.001794,0.000335,87021,0.0105949319371728
"CL","BM1225","BMS1716",0.0021,0.000311,124018,0.0117555294117647
"CL","BM17132","BMS1716",0.007,0.000654,77272,0.0241950825688073
"CL","BM1862","BMS1716",0.006008,0.000534,109045,0.022074996742671
"CL","BM4311","BMS1716",0.005328,0.000649,85113,0.0204645966101695
"CL","BM720","BMS1716",0.000206,0.000112,75478,0.00309824
"CL","BMS1001","BMS1716",0.000354,0.000115,78564,0.00395358415841584
"CL","BMS1315","BMS1716",0.003048,0.00058,77609,0.0145354936708861
"CL","BMS1355","BMS1716",0.002804,0.000288,141358,0.0136624137931034
"CL","AGLA232","BMS1747",0.01239,0.000953,83318,0.0350273684210526
"CL","BM1225","BMS1747",0.0147,0.000719,120121,0.0391820377358491
"CL","BM1706","BMS1747",0.000284,0.000105,96100,0.00379418181818182
"CL","BM17132","BMS1747",0.000288,0.000166,74848,0.00379418181818182
"CL","BM1824","BMS1747",0.000216,0.000128,58702,0.00319355844155844
"CL","BM1862","BMS1747",0,0,105415,0
"CL","BM2113","BMS1747",0,0,98777,0
"CL","BM2830","BMS1747",0.00869,0.000557,109994,0.0274574789915966
"CL","BM720","BMS1747",0,0,73222,0
"CL","BMS1074","BMS1747",0.001646,0.000412,68876,0.0102579447513812
"CL","BMS1315","BMS1747",0.005168,0.000643,74792,0.0200326597938144
"CL","AGLA232","BMS1857",0.000218,0.000131,60875,0.00319355844155844
"CL","BM1225","BMS1857",0.002218,0.000406,92372,0.0119997714285714
"CL","BM17132","BMS1857",0,0,53617,0
"CL","BM1824","BMS1857",0.008012,0.001318,41675,0.0267440930232558
"CL","BM1862","BMS1857",4e-04,0.000157,82519,0.00421682242990654
"CL","BM2113","BMS1857",0,0,76641,0
"CL","BM4311","BMS1857",0.00281,0.000703,60565,0.0136624137931034
"CL","BM4440","BMS1857",8.4e-05,7.4e-05,74665,0.00182215384615385
"CL","BM720","BMS1857",0.012654,0.001368,52338,0.0353309702970297
"CL","BM757","BMS1857",0.01573,0.001236,89219,0.0406959633027523
"CL","BMS1074","BMS1857",0.008284,0.001031,50039,0.0268580689655172
"CL","BMS1117","BMS1857",0.015398,0.001593,58195,0.0400206082949309
"CL","BMS1315","BMS1857",0.001254,0.000287,54000,0.00862352662721894
"CL","BMS1747","BMS1857",0.000494,0.000179,85232,0.0046436
"CL","AGLA232","BMS1862",0.00023,0.000127,47638,0.00328405063291139
"CL","BM1225","BMS1862",0.01201,0.001066,73203,0.0343839593908629
"CL","BM1706","BMS1862",0.018768,0.001741,58951,0.0460224
"CL","BM17132","BMS1862",0.017236,0.002002,41024,0.0434948724832215
"CL","BM1824","BMS1862",0.000902,0.000378,32185,0.00706361379310345
"CL","BM2113","BMS1862",0.011878,0.001471,61534,0.0340925801526718
"CL","BM4107","BMS1862",0.002442,0.000209,170057,0.0127805504587156
"CL","BM4311","BMS1862",0.002428,0.000598,47308,0.0127805504587156
"CL","BM720","BMS1862",0.00126,0.000486,40330,0.00862352662721894
"CL","BMC4214","BMS1862",2.4e-05,1.8e-05,89169,0.000660292682926829
"CL","BMS1001","BMS1862",0,0,46931,0
"CL","BMS1074","BMS1862",0,0,39148,0
"CL","BMS1117","BMS1862",6.8e-05,5.9e-05,46763,0.00156538775510204
"CL","BMS1172","BMS1862",0.002126,0.000289,94130,0.0117555294117647
"CL","BMS1315","BMS1862",0.002714,0.000694,41550,0.0134271578947368
"CL","BMS1675","BMS1862",0.001334,0.000278,112481,0.00885148235294118
"CL","BMS1716","BMS1862",0.001706,0.000332,70355,0.0104585217391304
"CL","BMS1857","BMS1862",0.003808,0.000855,49240,0.0164921379310345
"CL","AGLA232","BMS2258",0.017602,0.002115,40476,0.0439271150442478
"CL","BM1225","BMS2258",0,0,63866,0
"CL","BM1706","BMS2258",0.008604,0.001079,52091,0.0274161355932203
"CL","BM17132","BMS2258",0,0,35155,0
"CL","BM1824","BMS2258",0.00092,0.00041,26839,0.00710794520547945
"CL","BM1862","BMS2258",0.000148,8.3e-05,59473,0.00245505882352941
"CL","BM2113","BMS2258",0.005144,0.000789,53950,0.0200326597938144
"CL","BM4311","BMS2258",0.004676,0.00108,40428,0.01872
"CL","BM4440","BMS2258",0.008464,0.001017,54625,0.0271809545454545
"CL","BM720","BMS2258",0.000836,0.000318,33581,0.006688
"CL","BMS1001","BMS2258",7.6e-05,5.5e-05,41257,0.00171456
"CL","BMS1074","BMS2258",0.017182,0.002114,33024,0.0434558206278027
"CL","BMS1117","BMS2258",0,0,40439,0
"CL","BMS1172","BMS2258",0.000172,0.000104,85427,0.00265775342465753
"CL","BMS1315","BMS2258",0.000134,0.000134,34960,0.00236175
"CL","BMS1716","BMS2258",0.002732,0.000616,61185,0.0134379130434783
"CL","BMS1747","BMS2258",0.015322,0.001578,59506,0.0399150484988453
"CL","BMS1857","BMS2258",0.000368,0.000208,41709,0.0040301359223301
"CL","BMS1862","BMS2258",0.000314,0.000223,31725,0.003807
"CL","AGLA232","BMS2639",0,0,47431,0
"CL","BM1225","BMS2639",9e-05,4.6e-05,73717,0.00184581818181818
"CL","BM1706","BMS2639",0.000154,0.000154,59030,0.0025175652173913
"CL","BM17132","BMS2639",0,0,41374,0
"CL","BM1824","BMS2639",0.010804,0.001873,31552,0.0323260265251989
"CL","BM1862","BMS2639",0.000604,0.000247,66828,0.0054072380952381
"CL","BM4311","BMS2639",0.01331,0.001489,47136,0.0365066796116505
"CL","BM720","BMS2639",9.6e-05,7.3e-05,40431,0.00186703448275862
"CL","BM757","BMS2639",0.004922,0.000702,73062,0.0195493521126761
"CL","BMS1001","BMS2639",0.003196,0.000628,46947,0.0149588713692946
"CL","BMS1074","BMS2639",0.017648,0.001835,39886,0.0439446887417219
"CL","BMS1117","BMS2639",0.007896,0.001015,46574,0.026587128358209
"CL","BMS1315","BMS2639",0.000304,0.000304,41460,0.003807
"CL","BMS1675","BMS2639",0.018922,0.001073,112410,0.0461991688311688
"CL","BMS1716","BMS2639",0.000116,7e-05,69750,0.00214504918032787
"CL","BMS1747","BMS2639",0.007726,0.000967,67600,0.0262497831325301
"CL","BMS1857","BMS2639",0.000376,0.000229,48509,0.00407815384615385
"CL","BMS1862","BMS2639",0.003446,0.000939,37442,0.015486406374502
"CL","BMS2258","BMS2639",0,0,31592,0
"CL","BM1706","BMS410",0.000438,0.00016,87650,0.00447171428571429
"CL","BM17132","BMS410",0.004832,0.000621,72193,0.019259703180212
"CL","BM1824","BMS410",0.018406,0.001426,57652,0.045233045751634
"CL","BM720","BMS410",0.001512,0.000333,70451,0.00967403389830509
"CL","BMS1355","BMS410",0.013166,0.000575,119662,0.036222556097561
"CL","BMS1857","BMS410",0.013334,0.000972,80039,0.0365066796116505
"CL","BMS1862","BMS410",0.000318,0.000118,65245,0.003807
"CL","BMS2639","BMS410",0.005078,0.000769,65104,0.0200326597938144
"CL","BM1225","BMS510",0.00217,0.000238,159713,0.0118249275362319
"CL","BM1706","BMS510",0.005104,0.000453,128908,0.0200326597938144
"CL","BM1824","BMS510",0.001494,0.000329,84287,0.00962989714285714
"CL","BM1862","BMS510",0.000812,0.000193,138333,0.00658946762589928
"CL","BM2830","BMS510",0.01305,0.000589,147659,0.0359911980440098
"CL","BM720","BMS510",0.01625,0.001091,103314,0.0418105148063781
"CL","BM757","BMS510",0.006716,0.000562,144232,0.0235408695652174
"CL","BMC4214","BMS510",0.00172,0.000191,177132,0.0104873513513514
"CL","BMS1001","BMS510",0.020698,0.001252,103995,0.0495697324840764
"CL","BMS1074","BMS510",0.007246,0.000764,95729,0.0249191707317073
"CL","BMS1315","BMS510",0.014268,0.000952,105546,0.0383197714285714
"CL","BMS1675","BMS510",0.001212,0.000133,203707,0.00849152795031056
"CL","BMS1747","BMS510",8.8e-05,3.8e-05,149313,0.00183822222222222
"CL","BMS1857","BMS510",0.01063,0.000862,119173,0.0320605347593583
"CL","BMS1862","BMS510",0.00301,0.000466,96191,0.014448
"CL","BMS2258","BMS510",0.01928,0.001244,85673,0.0469715766738661
"CL","BMS410","BMS510",0.008012,0.000593,134139,0.0267440930232558
"CL","AGLA232","BMS527",0,0,35782,0
"CL","BM1225","BMS527",0.00214,0.000403,57510,0.0117752195121951
"CL","BM1706","BMS527",0.000164,0.000116,46425,0.00256933333333333
"CL","BM17132","BMS527",0.000162,0.000162,30002,0.00256933333333333
"CL","BM1824","BMS527",0.00051,0.000307,23515,0.00471540983606557
"CL","BM1862","BMS527",0.015276,0.001626,53570,0.0398873333333333
"CL","BM2113","BMS527",0.003554,0.00071,48182,0.0158455019762846
"CL","BM4311","BMS527",0,0,35203,0
"CL","BM4440","BMS527",0.002356,0.000518,49668,0.0125356981132075
"CL","BM720","BMS527",0,0,30026,0
"CL","BM757","BMS527",0.002668,0.000576,59504,0.0133856
"CL","BMC4214","BMS527",0,0,71500,0
"CL","BMS1001","BMS527",0,0,37044,0
"CL","BMS1074","BMS527",0.00032,0.00032,29747,0.003807
"CL","BMS1117","BMS527",0,0,36212,0
"CL","BMS1315","BMS527",0,0,30932,0
"CL","BMS1355","BMS527",0.002694,0.000434,69920,0.0134271578947368
"CL","BMS1675","BMS527",0.000724,0.000188,94497,0.0060945671641791
"CL","BMS1716","BMS527",0.009502,0.00135,54666,0.0296458342541436
"CL","BMS1747","BMS527",0.007014,0.001175,52788,0.0241950825688073
"CL","BMS1857","BMS527",0.001434,0.000543,36971,0.00929627586206896
"CL","BMS1862","BMS527",0,0,27773,0
"CL","BMS2258","BMS527",0,0,23421,0
"CL","BMS2639","BMS527",0,0,28599,0
"CL","BMS510","BMS527",0.00135,0.000359,76717,0.00890526315789474
"CL","AGLA232","BMS528",0.006082,0.00078,62430,0.0221306322580645
"CL","BM17132","BMS528",0.000224,0.000134,55084,0.00323938461538462
"CL","BM1824","BMS528",0.001642,0.000364,43608,0.0102579447513812
"CL","BM2113","BMS528",0.020746,0.001356,72665,0.0495794237288136
"CL","BMS1001","BMS528",0.010104,0.000967,55561,0.0308870243902439
"CL","BMS1172","BMS528",0.00169,0.000239,106341,0.0104170491803279
"CL","BMS1857","BMS528",0.004638,0.00068,64060,0.0186925714285714
"CL","BMS1862","BMS528",0.007316,0.000951,50281,0.0250834285714286
"CL","BMS2258","BMS528",0.000314,0.000181,45382,0.003807
"CL","BMS527","BMS528",8e-05,5.7e-05,39580,0.00176941176470588
"CL","BM1225","BMS601",0.006536,0.000617,115977,0.0231843018867925
"CL","BM1706","BMS601",0.002002,0.000309,85078,0.0114632284263959
"CL","BM1862","BMS601",0.008438,0.000629,105155,0.0271809545454545
"CL","BM2113","BMS601",9.2e-05,5.9e-05,98234,0.00185314285714286
"CL","BM720","BMS601",0.013592,0.001116,69006,0.0368552307692308
"CL","BMS1001","BMS601",0.006778,7e-04,77691,0.0236392592592593
"CL","BMS1315","BMS601",0.00255,0.000462,74308,0.0129567567567568
"CL","BMS1355","BMS601",0.002018,0.000227,134599,0.0114964848484848
"CL","BMS1675","BMS601",2.4e-05,1.3e-05,161383,0.000660292682926829
"CL","BMS1747","BMS601",0.000102,4.4e-05,100124,0.0019176
"CL","BMS1857","BMS601",0.003286,0.000492,86040,0.015043044534413
"CL","BMS1862","BMS601",0.001518,0.000379,66044,0.00967403389830509
"CL","BMS2639","BMS601",0.002074,0.000466,63696,0.01169736
"CL","BMS410","BMS601",0.00034,9.5e-05,100103,0.00395358415841584
"CL","BM1225","BMS812",0.00807,0.000971,66541,0.0267440930232558
"CL","BM17132","BMS812",0.00267,0.000657,39773,0.0133856
"CL","BM1824","BMS812",0.00814,0.001213,31677,0.0267440930232558
"CL","BM1862","BMS812",0,0,58941,0
"CL","BM2113","BMS812",0.011036,0.001283,55782,0.0328459313984169
"CL","BMS1001","BMS812",0.000296,0.000134,43103,0.00379418181818182
"CL","BMS1074","BMS812",0.001048,0.000407,36878,0.00767625974025974
"CL","BMS1315","BMS812",0.004218,0.000842,39795,0.0178198651685393
"CL","BMS1716","BMS812",0.002124,0.000477,63845,0.0117555294117647
"CL","BMS1747","BMS812",0.005124,0.000754,61521,0.0200326597938144
"CL","BMS1857","BMS812",0,0,46123,0
"CL","BMS2258","BMS812",0.000442,0.000323,31486,0.00447171428571429
"CL","BMS2639","BMS812",0.006004,0.000927,35899,0.022074996742671
"CL","BMS510","BMS812",0.0064,0.000574,86265,0.0228955443037975
"CL","BMS527","BMS812",0.00464,0.00118,28101,0.0186925714285714
"CL","BM1225","BMS941",0.020466,0.000829,186384,0.0491184
"CL","BM1706","BMS941",0.0075,0.000583,151581,0.0255589123867069
"CL","BM1824","BMS941",0.000158,6.4e-05,107754,0.00254605714285714
"CL","BM4107","BMS941",0.008248,0.00029,288035,0.0268580689655172
"CL","BM4440","BMS941",0.003218,0.000268,143875,0.0149996033057851
"CL","BM720","BMS941",0.019552,0.001093,128973,0.0475315862068965
"CL","BMS1355","BMS941",0.001762,0.000178,205562,0.0105160634920635
"CL","BMS1857","BMS941",0.0125,0.000824,144075,0.0351620947630923
"CL","BMS2258","BMS941",0.018204,0.001089,109394,0.0448638602620087
"CL","BMS410","BMS941",0.016502,0.000719,155753,0.0422091972789116
"CL","BMS601","BMS941",0.00657,0.000512,171001,0.0232318495297806
"CL","BMS812","BMS941",0.018878,0.001107,106754,0.0461917223427332
"CL","AGLA232","HUJ246",0.00127,0.000244,143460,0.00862352662721894
"CL","BM4311","HUJ246",0.000458,9e-05,139340,0.00449255172413793
"CL","BMC4214","HUJ246",0.000908,0.000132,203097,0.00706361379310345
"CL","BMS1117","HUJ246",0.000352,0.000113,129857,0.00395358415841584
"CL","BMS1315","HUJ246",0.000802,0.000176,150412,0.00655547826086957
"CL","BMS1862","HUJ246",0.000458,0.000128,113057,0.00449255172413793
"CL","BMS2258","HUJ246",0.01181,0.000755,122341,0.0340707928388747
"CL","BMS510","HUJ246",0.005844,0.000379,216907,0.0217558811881188
"CL","BMS527","HUJ246",0.001272,0.000268,99973,0.00862352662721894
"CL","BMS601","HUJ246",0.000946,0.000167,159314,0.00721005405405405
"CL","BMS812","HUJ246",0.00068,0.000157,125560,0.00585526717557252
"CL","AGLA232","IL4",0.001996,0.000546,44456,0.0114632284263959
"CL","BM17132","IL4",0.000416,0.000203,41281,0.00430502752293578
"CL","BM1824","IL4",0.003526,0.00081,37333,0.0157830476190476
"CL","BM1862","IL4",0.006046,0.000551,102108,0.0221219417475728
"CL","BM2113","IL4",0.008926,0.001034,58869,0.0280460389972145
"CL","BM2830","IL4",0.008482,0.000714,62717,0.0271809545454545
"CL","BM4311","IL4",0.005352,0.001031,44575,0.0204645966101695
"CL","BM720","IL4",0.000102,5.5e-05,40413,0.0019176
"CL","BMS1172","IL4",0.005714,0.000551,89294,0.02148464
"CL","BMS1315","IL4",0.0037,0.000943,39854,0.016303125
"CL","BMS1747","IL4",0.000294,0.000123,64816,0.00379418181818182
"CL","BMS1857","IL4",0.012202,0.001434,46707,0.0346696624685139
"CL","BMS2258","IL4",0.002608,0.000566,31870,0.0131920358744395
"CL","BMS2639","IL4",0.013672,0.001559,37652,0.0369832517985611
"CL","BMS510","IL4",0.002166,0.000504,87700,0.0118249275362319
"CL","BMS812","IL4",0.00777,0.001153,34521,0.02632
"CL","BM1824","ILSTS102",0.005838,0.000349,77832,0.0217558811881188
"CL","BM2113","ILSTS102",0.017486,0.000485,115766,0.0438817066666667
"CL","BM4311","ILSTS102",0.010944,0.000508,105490,0.0326582857142857
"CL","BM4440","ILSTS102",0.002706,0.000189,101489,0.0134271578947368
"CL","BMC4214","ILSTS102",0.006414,0.000312,162484,0.0228955443037975
"CL","BMS1117","ILSTS102",0.008156,0.000339,91841,0.0267440930232558
"CL","BM1225","INRA037",0.017446,0.000925,150310,0.0438817066666667
"CL","BM1706","INRA037",0.00413,0.000475,122902,0.0175797735849057
"CL","BM17132","INRA037",0.00048,0.000133,100425,0.00456887394957983
"CL","BM1824","INRA037",0.003282,0.000518,81539,0.015043044534413
"CL","BM1862","INRA037",0.008286,0.00051,131472,0.0268580689655172
"CL","BM4311","INRA037",0.008882,0.000817,109244,0.0279857430167598
"CL","BM4440","INRA037",0.00679,0.000602,118810,0.0236392592592593
"CL","BM720","INRA037",0.000128,6e-05,99189,0.00229180952380952
"CL","BMS1074","INRA037",0.00274,0.000403,90971,0.0134379130434783
"CL","BMS1172","INRA037",0.013044,0.000614,168404,0.0359911980440098
"CL","BMS1716","INRA037",0.011306,0.000716,145049,0.0331795647668394
"CL","BMS1747","INRA037",0.003852,0.000416,141100,0.0165841832061069
"CL","BMS1857","INRA037",0.014796,0.001022,113222,0.0391973395784543
"CL","BMS1862","INRA037",0.002234,0.000345,92376,0.0119997714285714
"CL","BMS2639","INRA037",0,0,92174,0
"CL","BMS601","INRA037",0.00198,0.000316,138027,0.0114535384615385
"CL","BMS812","INRA037",0.007892,0.000731,82926,0.026587128358209
"CL","BMS941","INRA037",0.019998,0.000583,205353,0.0480975351812367
"CL","IL4","INRA037",0.005154,0.000595,87207,0.0200326597938144
"CL","BM1824","INRA133",0.011412,0.000537,180622,0.0332294845360825
"CL","BM2830","INRA133",0.006396,0.000243,253845,0.0228955443037975
"CL","BMS1074","INRA133",0.003054,0.00025,191971,0.0145354936708861
"CL","BMS1675","INRA133",0.000774,9.9e-05,292534,0.00637278832116788
"CL","BMS1862","INRA133",0.010792,0.000568,194137,0.0323260265251989
"CL","BMS601","INRA133",0.004238,0.000319,240116,0.017837552238806
"CL","HUJ246","INRA133",0.001828,0.000122,304530,0.0107395
"CL","AGLA232","INRA194",0.005772,0.00111,46937,0.0216306179401993
"CL","BM1225","INRA194",0,0,71150,0
"CL","BM1706","INRA194",0.014536,0.001195,56706,0.0388545213270142
"CL","BM1824","INRA194",0.014822,0.001819,31389,0.0391973395784543
"CL","BM4311","INRA194",0.003272,0.000798,46123,0.015043044534413
"CL","BM720","INRA194",0.00672,0.00128,39890,0.0235408695652174
"CL","BMS1315","INRA194",0.001172,0.00037,41155,0.0083571320754717
"CL","BMS1355","INRA194",0.000234,9.8e-05,83055,0.0032994
"CL","BMS1862","INRA194",0.015528,0.001881,37168,0.0402657103448276
"CL","BMS2639","INRA194",0.006252,0.001164,36886,0.0225311693290735
"CL","BMS812","INRA194",0.006152,0.001068,34660,0.0223133633440514
"CL","BMS941","INRA194",0.002106,0.000258,115312,0.0117555294117647
"CL","HUJ246","INRA194",0.003442,0.000382,112274,0.015486406374502
"CL","ILSTS102","RM372",0.01499,0.000533,70433,0.0394142657342657
"CL","BM1225","SPS115",0.013444,0.000467,158876,0.0367187215496368
"CL","BM1862","SPS115",5.6e-05,2.3e-05,146875,0.00140373333333333
"CL","BMS1001","SPS115",0.001226,0.000159,110374,0.00853659259259259
"CL","BMS1716","SPS115",0.001292,0.00013,152080,0.00862352662721894
"CL","BMS1857","SPS115",0.005536,0.000347,135971,0.0210966486486487
"CL","BMS2258","SPS115",0.0059,0.000384,118141,0.0218203278688525
"CL","BMS2639","SPS115",0.00398,0.000302,127169,0.0170701140684411
"CL","BMS510","SPS115",0.001644,0.000128,210699,0.0102579447513812
"CL","BMS527","SPS115",0.010372,0.000521,92541,0.0314505806451613
"CL","BMS812","SPS115",0.000142,5.8e-05,110034,0.00242690909090909
"CL","INRA037","SPS115",0.01143,0.000352,191875,0.0332294845360825
"CL","BM1225","TGLA122",0.011866,0.000829,118097,0.0340925801526718
"CL","BM17132","TGLA122",0.019804,0.001485,72575,0.0479267152034261
"CL","BM1824","TGLA122",0.00072,0.000219,58281,0.0060945671641791
"CL","BM1862","TGLA122",0.001286,0.000237,103017,0.00862352662721894
"CL","BM2830","TGLA122",0.00158,0.000244,107240,0.0100125842696629
"CL","BM4311","TGLA122",0.00942,0.000915,81988,0.029516
"CL","BMC4214","TGLA122",0.011354,0.000817,135220,0.0331795647668394
"CL","BMS1001","TGLA122",0.011284,0.000881,75132,0.0331795647668394
"CL","BMS1074","TGLA122",0.000584,0.000228,68445,0.005270016
"CL","BMS1315","TGLA122",0.000556,0.000205,73999,0.00509892682926829
"CL","BMS1747","TGLA122",0.00247,0.000407,109685,0.0127805504587156
"CL","BMS1857","TGLA122",0.011122,0.001037,84458,0.0329458897637795
"CL","BMS1862","TGLA122",0.003654,0.000593,67185,0.0161635764705882
"CL","BMS2639","TGLA122",0,0,66434,0
"CL","BMS527","TGLA122",0.008648,0.001407,52594,0.0274574789915966
"CL","HUJ246","TGLA122",0.00606,0.000365,173409,0.0221219417475728
"CL","INRA133","TGLA122",0.001178,0.000173,247735,0.0083571320754717
"CL","INRA194","TGLA122",6e-05,4.9e-05,64189,0.00147130434782609
"CL","AGLA232","TGLA44",0.002032,0.000233,79000,0.0115180703517588
"CL","BM2830","TGLA44",0.016272,0.000442,85496,0.0418105148063781
"CL","BM720","TGLA44",0.00746,0.000436,69848,0.0254996363636364
"CL","BMS2639","TGLA44",0.008018,0.000487,63092,0.0267440930232558
"CL","INRA194","TGLA44",0.004506,0.000254,57231,0.0182833381294964
"CL","TGLA122","TGLA44",0.004456,0.000259,100924,0.0182777018181818
"CL","AGLA232","TGLA53",0.012746,0.001554,56013,0.0354999703703704
"CL","BM1225","TGLA53",0.011496,0.001027,86052,0.0333354447300771
"CL","BM1706","TGLA53",0.000242,1e-04,68233,0.0033289756097561
"CL","BM17132","TGLA53",0.000624,0.000302,49229,0.00554229921259843
"CL","BM1824","TGLA53",0.009868,0.001385,37953,0.0303299836512262
"CL","BM1862","TGLA53",0.0103,0.000893,77330,0.0313164420485175
"CL","BM2113","TGLA53",2.8e-05,2.8e-05,71392,0.000752
"CL","BM4107","TGLA53",0.004264,0.000272,188076,0.0178802676579926
"CL","BM4311","TGLA53",0.000352,0.00017,55733,0.00395358415841584
"CL","BM4440","TGLA53",0.005686,0.000679,68990,0.0214508628762542
"CL","BM720","TGLA53",4.8e-05,4.8e-05,48006,0.00123054545454545
"CL","BM757","TGLA53",0.000254,0.00012,84031,0.00345195180722892
"CL","BMC4214","TGLA53",0.005158,0.000575,103326,0.0200326597938144
"CL","BMS1001","TGLA53",0.000748,0.000327,54175,0.00624995555555556
"CL","BMS1074","TGLA53",0.00468,0.000763,57297,0.01872
"CL","BMS1117","TGLA53",0.012444,0.001382,54289,0.03509208
"CL","BMS1315","TGLA53",0.005222,0.000879,49257,0.0201726575342466
"CL","BMS1716","TGLA53",0.000462,0.000179,82259,0.00449255172413793
"CL","BMS1747","TGLA53",0.00176,0.00039,78823,0.0105160634920635
"CL","BMS1857","TGLA53",0,0,57561,0
"CL","BMS1862","TGLA53",0.000482,0.000226,44334,0.00456887394957983
"CL","BMS2258","TGLA53",0.001098,0.000448,37885,0.00793938461538462
"CL","BMS2639","TGLA53",0.003816,0.000912,44819,0.0164921379310345
"CL","BMS527","TGLA53",0,0,33599,0
"CL","BMS528","TGLA53",0.016642,0.001295,59573,0.0423751151241535
"CL","BMS601","TGLA53",0.002394,0.000483,79060,0.0126780845070423
"CL","BMS812","TGLA53",0.00046,0.000239,41876,0.00449255172413793
"CL","ILSTS102","TGLA53",0.000844,0.00014,103008,0.00670445070422535
"CL","SPS115","TGLA53",0.00252,0.000245,128643,0.0129207272727273
"CL","AGLA232","URB011",0.01983,0.002247,52324,0.0479267152034261
"CL","BM1225","URB011",0,0,81243,0
"CL","BM1706","URB011",0.003396,0.000448,63623,0.0154386506024096
"CL","BM17132","URB011",0.000466,0.000244,43106,0.00449271794871795
"CL","BM1824","URB011",0.008134,0.001267,35532,0.0267440930232558
"CL","BM1862","URB011",0.002846,0.000435,70567,0.0137384615384615
"CL","BM2113","URB011",0.00082,0.00026,68038,0.00660685714285714
"CL","BM4107","URB011",0.015098,0.000548,176623,0.0395140232018562
"CL","BM4311","URB011",0.000702,0.000221,53291,0.00599890909090909
"CL","BM4440","URB011",0.000656,0.000312,65622,0.00575367441860465
"CL","BM720","URB011",0.008686,0.00128,44694,0.0274574789915966
"CL","BM757","URB011",0.003408,0.000547,78704,0.0154386506024096
"CL","BMC4214","URB011",0.003584,0.00039,95416,0.0159163464566929
"CL","BMS1001","URB011",0.003768,0.000538,51751,0.0164740465116279
"CL","BMS1172","URB011",0.009798,0.000743,84900,0.0302649180327869
"CL","BMS1315","URB011",0.002452,0.000497,45669,0.0127805504587156
"CL","BMS1355","URB011",0.004374,0.000461,95930,0.0180727912087912
"CL","BMS1716","URB011",0.017506,0.001338,77806,0.0438817066666667
"CL","BMS1747","URB011",0.001964,0.000518,70386,0.0114195463917526
"CL","BMS1857","URB011",0,0,55283,0
"CL","BMS1862","URB011",0.000972,0.00039,43389,0.00730944
"CL","BMS2258","URB011",0.010004,0.001358,36044,0.0306644347826087
"CL","BMS2639","URB011",9.6e-05,9e-05,42527,0.00186703448275862
"CL","BMS410","URB011",0.011784,0.000966,69773,0.0340707928388747
"CL","BMS527","URB011",0.001012,0.000755,32491,0.0075101052631579
"CL","BMS601","URB011",4e-05,4e-05,75661,0.0010493023255814
"CL","BMS812","URB011",0.004338,0.000786,40412,0.0180727912087912
"CL","BMS941","URB011",0.013026,0.000806,128922,0.0359911980440098
"CL","ILSTS102","URB011",0.006984,0.000394,96134,0.0241950825688073
"CL","INRA037","URB011",0.002248,0.000339,98377,0.0120177440758294
"CL","INRA194","URB011",0.000932,0.000383,42559,0.00715167346938776
"CL","SPS115","URB011",0.008518,0.00043,121007,0.0272189915014164
"CL","TGLA122","URB011",0.002464,0.000443,73275,0.0127805504587156
"CL","TGLA53","URB011",6.6e-05,4.8e-05,50904,0.00156538775510204
"EINPP","BM1824","INRA037",8.2e-05,6.2e-05,62199,0.048216
"EINPP","BM757","SPS115",0,0,18937,0
"NAH","AGLA232","BM1225",0.0031,0.000511,48436,0.0435965517241379
"NAH","AGLA232","BM17132",0.005066,0.000614,56940,0.0471209558823529
"NAH","AGLA232","BM1824",0.00471,0.000504,56007,0.0468662601626016
"NAH","BL1036","BM1824",0.001858,0.000256,76459,0.0376
"NAH","BM17132","BM1824",0.000126,0.000126,53026,0.0302142857142857
"NAH","AGLA232","BM1862",0.002568,0.000374,55745,0.0431057142857143
"NAH","BM17132","BM1862",0.004364,0.000682,53448,0.0468662601626016
"NAH","BM1824","BM1862",0.002988,0.000533,52154,0.0435965517241379
"NAH","BM1225","BM4107",5e-04,0.000192,32490,0.0302142857142857
"NAH","BM17132","BM4107",0.006482,0.001003,37751,0.0488227564102564
"NAH","BM1862","BM4107",0.00614,0.000818,37027,0.0472594155844156
"NAH","BM2113","BM4107",0.000238,0.000143,57197,0.0302142857142857
"NAH","BM1862","BM4440",0.005898,0.000523,75190,0.0472594155844156
"NAH","AGLA232","BM720",0.002824,0.000398,50412,0.0435965517241379
"NAH","BM17132","BM720",0.000234,8.8e-05,50243,0.0302142857142857
"NAH","BM1824","BM720",0.00033,0.000142,49414,0.0302142857142857
"NAH","BM17132","BM757",0.00384,0.00048,61730,0.0443305825242718
"NAH","BM1824","BM757",0.002858,0.000432,60234,0.0435965517241379
"NAH","BM2830","BMC4214",0.00472,0.000427,46163,0.0468662601626016
"NAH","BM1706","BMS1074",0.001116,0.000215,83630,0.0346474358974359
"NAH","BM4107","BMS1074",0.004184,0.000986,26230,0.0468209523809524
"NAH","BL1036","BMS1117",0.000458,0.000112,91792,0.0302142857142857
"NAH","BMS1074","BMS1117",0.003808,0.000675,51126,0.0443305825242718
"NAH","BM17132","BMS1172",0.00066,0.00017,68237,0.0337173913043478
"NAH","BM1862","BMS1172",0.000852,2e-04,66768,0.0346474358974359
"NAH","BM720","BMS1172",0.003704,0.00042,62101,0.0443305825242718
"NAH","BM17132","BMS1315",0.00096,0.000294,68065,0.0346474358974359
"NAH","BM720","BMS1315",0.00499,0.000507,61770,0.0471209558823529
"NAH","BMS1172","BMS1315",0.002296,0.000337,83126,0.0415046153846154
"NAH","BM17132","BMS1355",0.006168,0.000292,162148,0.0472594155844156
"NAH","BMS1117","BMS1355",0.00605,0.000281,179448,0.0472594155844156
"NAH","BM17132","BMS1675",0.00511,0.000256,175024,0.0471209558823529
"NAH","BMS1117","BMS1675",0.003428,0.000187,193158,0.0440688172043011
"NAH","BL1036","BMS1716",0.00293,0.000372,62028,0.0435965517241379
"NAH","BM4440","BMS1716",0.003598,0.000413,60686,0.0443072916666667
"NAH","BMS1117","BMS1716",0.00159,0.000317,53575,0.0359278846153846
"NAH","BM1706","BMS1747",0.005446,0.000339,111744,0.0471209558823529
"NAH","BM17132","BMS1747",0.00578,0.000692,55958,0.0472594155844156
"NAH","BM1824","BMS1747",0.001982,0.000338,55714,0.0376
"NAH","BM1862","BMS1747",0.002558,0.000452,55013,0.0431057142857143
"NAH","BM4107","BMS1747",0.004232,0.000805,38620,0.0468662601626016
"NAH","BM4440","BMS1747",0.005382,0.000534,79951,0.0471209558823529
"NAH","BM720","BMS1747",0.006134,0.00056,52503,0.0472594155844156
"NAH","BMS1172","BMS1747",0.001112,0.000185,71318,0.0346474358974359
"NAH","BMS1315","BMS1747",0.005636,0.000641,71017,0.0472594155844156
"NAH","BM1225","BMS1857",0.001326,0.000381,39035,0.03525
"NAH","BM2830","BMS1857",0.005236,0.000456,54519,0.0471209558823529
"NAH","BM4107","BMS1857",0.0014,0.000458,32125,0.03525
"NAH","BMC4214","BMS1857",0.005426,0.000589,33075,0.0471209558823529
"NAH","BM2113","BMS1862",0.00104,0.000342,60535,0.0346474358974359
"NAH","BM4107","BMS1862",0.000862,0.000334,25814,0.0346474358974359
"NAH","BM4440","BMS1862",0.001698,0.000316,57383,0.0369472222222222
"NAH","BMS1074","BMS1862",0.005324,0.001157,29008,0.0471209558823529
"NAH","BMS1716","BMS1862",0.003874,0.000555,44206,0.0443305825242718
"NAH","BM17132","BMS2258",0.00394,0.000474,56596,0.0445144230769231
"NAH","BM4107","BMS2258",0.005182,0.00084,38926,0.0471209558823529
"NAH","BM4440","BMS2258",0.001094,0.000218,79035,0.0346474358974359
"NAH","BM720","BMS2258",0.00605,0.000613,52127,0.0472594155844156
"NAH","BMS1074","BMS2258",0.003394,0.00065,41184,0.0440688172043011
"NAH","BMS1117","BMS2258",0.001582,0.000274,70539,0.0359278846153846
"NAH","BMS1315","BMS2258",0.001066,0.00026,70577,0.0346474358974359
"NAH","BL1036","BMS2639",0.004846,0.000448,69759,0.0468662601626016
"NAH","BM1225","BMS2639",0.003886,0.000714,39021,0.0443305825242718
"NAH","BM17132","BMS2639",0.000818,0.000355,45321,0.0346474358974359
"NAH","BM1824","BMS2639",0.00144,0.000349,44672,0.03525
"NAH","BM4107","BMS2639",0.001414,0.000431,29964,0.03525
"NAH","BM4440","BMS2639",0.00469,0.000598,65924,0.0468662601626016
"NAH","BMS1117","BMS2639",0.000144,7.3e-05,58543,0.0302142857142857
"NAH","BMS1315","BMS2639",0.006712,0.000771,58142,0.0499151898734177
"NAH","BMS1716","BMS2639",0.005428,0.000797,34977,0.0471209558823529
"NAH","BMS2258","BMS2639",0.00115,0.000328,47204,0.0346474358974359
"NAH","BM757","BMS510",0.000224,7.9e-05,76090,0.0302142857142857
"NAH","BMS2639","BMS510",0.000748,0.000226,57776,0.0346474358974359
"NAH","BM4107","BMS527",0.006524,0.001139,24500,0.0488261146496815
"NAH","BMS1857","BMS527",0.005776,0.00093,31350,0.0472594155844156
"NAH","BL1036","BMS528",0.003024,0.000424,62555,0.0435965517241379
"NAH","BM1824","BMS528",0.000532,0.00024,40960,0.0302142857142857
"NAH","BM2113","BMS528",0.003078,0.000386,62623,0.0435965517241379
"NAH","BM4107","BMS528",0.000284,0.000163,29328,0.0302142857142857
"NAH","BMS1117","BMS528",0.006194,0.000637,53651,0.0472594155844156
"NAH","BMS1716","BMS528",0.003216,0.000737,31710,0.0435965517241379
"NAH","BMS1862","BMS528",0.000994,0.000402,35169,0.0346474358974359
"NAH","BM17132","BMS601",0.001524,0.000464,39896,0.035814
"NAH","BM1824","BMS601",0.004906,0.000935,37147,0.0468662601626016
"NAH","BM1862","BMS601",0.004298,0.000879,37263,0.0468662601626016
"NAH","BMS2258","BMS601",0.003564,0.000665,40836,0.0443072916666667
"NAH","BMS2639","BMS601",0.00084,0.000324,31487,0.0346474358974359
"NAH","BM1706","BMS812",0.000488,0.000149,94484,0.0302142857142857
"NAH","BM4107","BMS812",0.002016,0.000679,30104,0.0376
"NAH","BMS1315","BMS812",0.006098,0.000708,58503,0.0472594155844156
"NAH","BMS1857","BMS812",0.004448,0.00066,38876,0.0468662601626016
"NAH","BMS2639","BMS812",0.005152,0.000812,37145,0.0471209558823529
"NAH","BMS510","BMS812",0.00035,0.000139,58399,0.0302142857142857
"NAH","BM1706","BMS941",0.00048,0.000157,80251,0.0302142857142857
"NAH","BM1862","BMS941",0.002718,0.000588,36044,0.0435965517241379
"NAH","BM4107","BMS941",0.003832,0.001011,24420,0.0443305825242718
"NAH","BM4440","BMS941",0.006392,0.000703,54330,0.0484554838709677
"NAH","BMS1074","BMS941",0.001666,0.000595,25916,0.0369349056603774
"NAH","BMS1747","BMS941",0.003228,0.000608,38101,0.0435965517241379
"NAH","BMS812","BMS941",0.000234,0.000165,30133,0.0302142857142857
"NAH","BM17132","IL4",0.003432,0.000689,40729,0.0440688172043011
"NAH","BM1824","IL4",0.002956,0.000604,39622,0.0435965517241379
"NAH","BM1862","IL4",0.003054,8e-04,39892,0.0435965517241379
"NAH","BM4107","IL4",0.003488,0.001033,26962,0.0440688172043011
"NAH","BM757","IL4",0.00151,0.000386,48563,0.035814
"NAH","BMS1862","IL4",0.004778,0.000848,28983,0.0468662601626016
"NAH","BMS510","IL4",0.003042,0.000471,61936,0.0435965517241379
"NAH","BMS601","IL4",0.000408,0.000191,28832,0.0302142857142857
"NAH","BM1862","INRA037",0.002956,0.000452,51744,0.0435965517241379
"NAH","BM4107","INRA037",0.005738,0.000865,36749,0.0472594155844156
"NAH","BM4440","INRA037",0.00054,0.000143,74947,0.0302142857142857
"NAH","BMS1747","INRA037",0.003186,0.000641,55374,0.0435965517241379
"NAH","BMS2258","INRA037",0.005952,0.000732,55441,0.0472594155844156
"NAH","BMS2639","INRA037",0.001036,0.000276,44676,0.0346474358974359
"NAH","BMS527","INRA037",0.00362,0.000693,35912,0.0443072916666667
"NAH","BMS941","INRA037",0.003294,0.000686,36433,0.0439823863636364
"NAH","BL1036","INRA133",0.001878,0.000253,80457,0.0376
"NAH","BM1225","INRA133",0.001216,0.000301,47946,0.0348487804878049
"NAH","BM17132","INRA133",0.004428,0.000607,56638,0.0468662601626016
"NAH","BM4107","INRA133",0.000444,0.000252,39452,0.0302142857142857
"NAH","BM757","INRA133",0.002486,0.00044,64168,0.0429566176470588
"NAH","BMS1117","INRA133",0.001994,0.000379,70418,0.0376
"NAH","BMS1315","INRA133",0.00133,0.00027,70486,0.03525
"NAH","BMS1675","INRA133",0.005454,0.000303,183810,0.0471209558823529
"NAH","BMS1747","INRA133",0.003784,0.000484,58764,0.0443305825242718
"NAH","BMS2258","INRA133",0.004588,0.000573,58313,0.0468662601626016
"NAH","BMS2639","INRA133",0,0,47314,0
"NAH","BMS510","INRA133",0.004542,0.00045,71472,0.0468662601626016
"NAH","BMS601","INRA133",0.00574,0.000967,39624,0.0472594155844156
"NAH","INRA037","INRA133",0.005652,0.00072,55408,0.0472594155844156
"NAH","BM17132","INRA194",0.002464,0.000295,79771,0.0429566176470588
"NAH","BM1824","INRA194",0.003172,0.000328,75771,0.0435965517241379
"NAH","BM720","INRA194",0.001134,0.000175,73806,0.0346474358974359
"NAH","BMS2258","INRA194",0.004494,0.000459,82832,0.0468662601626016
"NAH","BMS601","INRA194",0.005976,0.000551,64859,0.0472594155844156
"NAH","BM1824","RM372",0.00245,0.000283,83781,0.0429566176470588
"NAH","BM1225","SPS115",0.001202,0.000238,75951,0.0348487804878049
"NAH","BM720","SPS115",0.005644,0.000487,77918,0.0472594155844156
"NAH","BMS1747","SPS115",0.000772,0.000181,89816,0.0346474358974359
"NAH","BMS2639","SPS115",0.004878,0.000498,77405,0.0468662601626016
"NAH","INRA133","SPS115",0.001418,0.000233,89211,0.03525
"NAH","INRA194","SPS115",0.005954,0.000389,111693,0.0472594155844156
"NAH","BMS1315","TGLA122",0.002834,0.000278,132060,0.0435965517241379
"NAH","BMS2258","TGLA122",0.004444,0.000388,114350,0.0468662601626016
"NAH","BMS510","TGLA122",0.001766,0.000235,134491,0.0372223214285714
"NAH","BM17132","TGLA44",0.001774,0.000289,68153,0.0372223214285714
"NAH","BM1824","TGLA44",5e-04,0.00015,66349,0.0302142857142857
"NAH","BM1862","TGLA44",1.4e-05,1.4e-05,66680,0.008225
"NAH","BM720","TGLA44",0.002162,3e-04,62013,0.03969296875
"NAH","BMS1172","TGLA44",0.004768,0.000478,83597,0.0468662601626016
"NAH","BMS1747","TGLA44",0.000582,0.000139,71384,0.0310840909090909
"NAH","BMS1747","TGLA53",0.004848,0.000417,69352,0.0468662601626016
"NAH","BM1706","URB011",0.003482,0.000256,118081,0.0440688172043011
"NAH","BMS1074","URB011",0.001918,0.000302,69976,0.0376
"NAH","BMS1315","URB011",0.000282,8.8e-05,139739,0.0302142857142857
"NAH","BMS1747","URB011",0.001948,0.00027,107856,0.0376
"NAH","BMS2258","URB011",0.005164,0.000427,106000,0.0471209558823529
"NAH","BMS812","URB011",0.001426,0.000252,81716,0.03525
"RL","BM1225","BM1706",0.000102,6.5e-05,31796,0.029988
"RL","BM1706","BM1862",2.2e-05,2.2e-05,33190,0.012544
"RL","BMC4214","BMS1355",0.00018,9.9e-05,85445,0.042336
"RL","BMS1862","BMS601",0,0,26772,0
"RL","BMS1862","INRA133",3.2e-05,3.2e-05,34446,0.012544
"WAB","AGLA232","BL1036",0.000404,0.000246,52492,0.000904190476190476
"WAB","AGLA232","BM1225",0,0,107464,0
"WAB","BL1036","BM1225",0,0,118303,0
"WAB","AGLA232","BM1706",0,0,71935,0
"WAB","BL1036","BM1706",0,0,79345,0
"WAB","BM1225","BM1706",0,0,151512,0
"WAB","AGLA232","BM17132",0,0,54917,0
"WAB","BL1036","BM17132",5.8e-05,3.5e-05,60077,0.000169412429378531
"WAB","BM1706","BM17132",0.00017,6.4e-05,83596,0.000422548076923077
"WAB","AGLA232","BM1824",0,0,118927,0
"WAB","BL1036","BM1824",0.011664,0.000573,128762,0.0174880869565217
"WAB","BM1225","BM1824",0,0,223503,0
"WAB","BM1706","BM1824",0,0,162929,0
"WAB","AGLA232","BM1862",0,0,83018,0
"WAB","BL1036","BM1862",4e-05,3e-05,92003,0.000121647058823529
"WAB","BM1225","BM1862",1.4e-05,1.4e-05,177868,4.71530944625407e-05
"WAB","BM1706","BM1862",0,0,122039,0
"WAB","BM17132","BM1862",0,0,99296,0
"WAB","BM1824","BM1862",8e-06,8e-06,191314,2.79459459459459e-05
"WAB","AGLA232","BM2113",0,0,74044,0
"WAB","BL1036","BM2113",0.00341,0.00044,81261,0.00589622073578595
"WAB","BM1225","BM2113",0,0,152463,0
"WAB","BM1706","BM2113",0,0,106363,0
"WAB","BM17132","BM2113",4e-06,3e-06,84697,1.4411149825784e-05
"WAB","BM1824","BM2113",0,0,160228,0
"WAB","BM1862","BM2113",0,0,124938,0
"WAB","AGLA232","BM2830",0,0,57257,0
"WAB","BL1036","BM2830",0.000308,0.00014,63324,0.000706146341463415
"WAB","BM1225","BM2830",3.2e-05,2.8e-05,127505,0.000100266666666667
"WAB","BM1706","BM2830",0,0,85852,0
"WAB","BM17132","BM2830",2e-06,2e-06,65875,7.33333333333333e-06
"WAB","BM1824","BM2830",0,0,137697,0
"WAB","BM1862","BM2830",0,0,99974,0
"WAB","BM2113","BM2830",0,0,87971,0
"WAB","AGLA232","BM4107",0,0,61147,0
"WAB","BL1036","BM4107",0,0,67919,0
"WAB","BM1225","BM4107",0,0,137044,0
"WAB","BM1706","BM4107",0,0,92271,0
"WAB","BM17132","BM4107",0,0,72883,0
"WAB","BM1824","BM4107",6.2e-05,4.5e-05,148837,0.000178077777777778
"WAB","BM1862","BM4107",0,0,107351,0
"WAB","BM2113","BM4107",0,0,95405,0
"WAB","BM2830","BM4107",0,0,74513,0
"WAB","AGLA232","BM4311",0.000604,0.000198,48454,0.00127716973415133
"WAB","BL1036","BM4311",0,0,52657,0
"WAB","BM1225","BM4311",0.000482,0.000163,106106,0.00105814861995754
"WAB","BM1706","BM4311",7.2e-05,4.8e-05,71465,0.000201210810810811
"WAB","BM17132","BM4311",6.2e-05,4.9e-05,54570,0.000178077777777778
"WAB","BM1862","BM4311",0,0,83006,0
"WAB","BM2113","BM4311",0.003822,0.00045,72965,0.00645701794453507
"WAB","BM2830","BM4311",5e-04,0.000192,57589,0.00108613445378151
"WAB","BM4107","BM4311",0,0,62236,0
"WAB","AGLA232","BM4440",0,0,73320,0
"WAB","BL1036","BM4440",0,0,81824,0
"WAB","BM1225","BM4440",0,0,153522,0
"WAB","BM1706","BM4440",0,0,107462,0
"WAB","BM17132","BM4440",0.000944,0.000202,86137,0.001888
"WAB","BM1824","BM4440",0,0,164710,0
"WAB","BM1862","BM4440",0,0,126527,0
"WAB","BM2113","BM4440",0,0,108980,0
"WAB","BM2830","BM4440",0,0,88040,0
"WAB","BM4107","BM4440",0,0,94307,0
"WAB","BM4311","BM4440",4.4e-05,2.7e-05,73663,0.000133029239766082
"WAB","AGLA232","BM711",0.01099,0.000813,88757,0.0167358762886598
"WAB","BL1036","BM711",8.6e-05,6.4e-05,94098,0.000235248677248677
"WAB","BM1225","BM711",0.000122,4.3e-05,158337,0.00031537
"WAB","BM1706","BM711",0.000276,0.000101,117788,0.000642756756756757
"WAB","BM17132","BM711",0.011358,0.000581,97370,0.017147795620438
"WAB","BM1862","BM711",0.003558,0.000324,133750,0.00609101324503311
"WAB","BM2113","BM711",0.000166,6.8e-05,117490,0.000414599033816425
"WAB","BM2830","BM711",0.002464,0.000296,100270,0.0044309147826087
"WAB","BM4107","BM711",0,0,108413,0
"WAB","BM4440","BM711",0,0,120744,0
"WAB","AGLA232","BM720",0,0,65682,0
"WAB","BL1036","BM720",0,0,73546,0
"WAB","BM1225","BM720",0,0,148560,0
"WAB","BM1706","BM720",0,0,99780,0
"WAB","BM17132","BM720",3.8e-05,3.8e-05,78906,0.000116248520710059
"WAB","BM1824","BM720",0,0,163060,0
"WAB","BM1862","BM720",0,0,115663,0
"WAB","BM2113","BM720",0,0,102898,0
"WAB","BM2830","BM720",0,0,80564,0
"WAB","BM4107","BM720",0,0,85087,0
"WAB","BM4311","BM720",0,0,66368,0
"WAB","BM4440","BM720",0,0,102912,0
"WAB","BM711","BM720",1e-05,1e-05,114889,3.45819397993311e-05
"WAB","BM1225","BMC4214",0.010902,0.00038,270305,0.0166263539823009
"WAB","BM1706","BMC4214",0.010792,0.000409,211840,0.0164829069423929
"WAB","BM1862","BMC4214",0.012288,0.00046,243361,0.0183344761904762
"WAB","BM2113","BMC4214",0.016634,5e-04,211864,0.0236908484848485
"WAB","BM4107","BMC4214",0.000136,4.8e-05,203938,0.000344666666666667
"WAB","BM4311","BMC4214",0.007158,0.000331,166385,0.0113867261538462
"WAB","BM4440","BMC4214",5.2e-05,1.8e-05,215887,0.000154505747126437
"WAB","BM711","BMC4214",0.0076,0.000368,207157,0.0120527607361963
"WAB","BM720","BMC4214",0.000748,8.6e-05,219184,0.001546864
"WAB","AGLA232","BMS1001",3.2e-05,3.2e-05,96990,0.000100266666666667
"WAB","BL1036","BMS1001",0.002206,0.000289,104880,0.00405151687388988
"WAB","BM1225","BMS1001",0.00022,5.2e-05,188569,0.000529023255813953
"WAB","BM1706","BMS1001",0.000134,6e-05,134261,0.000341270935960591
"WAB","BM17132","BMS1001",0.008508,0.000447,107611,0.0132889305135952
"WAB","BM1824","BMS1001",5.8e-05,3.1e-05,198523,0.000169412429378531
"WAB","BM1862","BMS1001",0.00018,4.9e-05,158080,0.000444200477326969
"WAB","BM2113","BMS1001",3e-05,1.7e-05,134463,9.48623853211009e-05
"WAB","BM2830","BMS1001",0,0,112780,0
"WAB","BM4107","BMS1001",0.000226,7.1e-05,122335,0.000539685912240185
"WAB","BM4311","BMS1001",0.006292,0.000482,95063,0.0100867100775194
"WAB","BM4440","BMS1001",7.4e-05,4.7e-05,138333,0.000206242587601078
"WAB","BM711","BMS1001",0.006106,4e-04,137817,0.00980373291925466
"WAB","BM720","BMS1001",0,0,133055,0
"WAB","AGLA232","BMS1074",0.000242,0.000115,76697,0.000569995444191344
"WAB","BL1036","BMS1074",0.003038,0.000354,83286,0.00529728836424958
"WAB","BM1225","BMS1074",8.6e-05,4.7e-05,165098,0.000235248677248677
"WAB","BM1706","BMS1074",0.009422,0.000672,112684,0.0146062188905547
"WAB","BM17132","BMS1074",6.8e-05,3e-05,89214,0.000192635616438356
"WAB","BM1824","BMS1074",0.000756,0.000131,177770,0.00155717928286853
"WAB","BM1862","BMS1074",0.002286,0.000277,133227,0.0041688253968254
"WAB","BM2113","BMS1074",0.000456,0.000109,113669,0.0010032
"WAB","BM2830","BMS1074",9.4e-05,3.9e-05,91674,0.000253114583333333
"WAB","BM4107","BMS1074",0.000104,0.000104,99438,0.000275028132992327
"WAB","BM4311","BMS1074",0.00095,0.000188,75169,0.00189633204633205
"WAB","BM4440","BMS1074",0,0,115406,0
"WAB","BM711","BMS1074",0.001508,0.000179,120269,0.00287688560885609
"WAB","BM720","BMS1074",1e-04,7.3e-05,108181,0.0002671834625323
"WAB","BMC4214","BMS1074",0.001842,0.000157,232643,0.00341943985637343
"WAB","AGLA232","BMS1117",0,0,121920,0
"WAB","BL1036","BMS1117",0.014934,0.000636,131881,0.0216016713091922
"WAB","BM1225","BMS1117",8e-06,8e-06,224536,2.79459459459459e-05
"WAB","BM1706","BMS1117",0.001078,0.000189,165142,0.00212314666666667
"WAB","BM17132","BMS1117",0.001496,0.000161,138719,0.00285926802218115
"WAB","BM1824","BMS1117",0,0,235935,0
"WAB","BM1862","BMS1117",0,0,193040,0
"WAB","BM2113","BMS1117",0,0,163126,0
"WAB","BM2830","BMS1117",4.8e-05,2.9e-05,141077,0.000143860869565217
"WAB","BM4107","BMS1117",0,0,151397,0
"WAB","BM4311","BMS1117",0.001554,0.000229,118019,0.00294832293577982
"WAB","BM4440","BMS1117",6.4e-05,4.8e-05,168067,0.000183313019390582
"WAB","BM711","BMS1117",0.029554,0.000858,166042,0.0390278876117497
"WAB","BM720","BMS1117",0,0,164731,0
"WAB","BMC4214","BMS1117",0.009462,0.000371,280152,0.0146243766816143
"WAB","BMS1001","BMS1117",0.002302,0.000181,199350,0.00418324780316344
"WAB","BMS1074","BMS1117",0.000112,3.4e-05,178833,0.000292444444444444
"WAB","AGLA232","BMS1172",0.023628,0.001156,86093,0.0319364078431373
"WAB","BM1225","BMS1172",0.000764,0.00013,178497,0.0015674126984127
"WAB","BM1706","BMS1172",0.001646,0.000196,123663,0.00310388342440801
"WAB","BM1862","BMS1172",0.001354,0.000197,146764,0.00261099441340782
"WAB","BM4107","BMS1172",0.000112,5.7e-05,111525,0.000292444444444444
"WAB","BM4311","BMS1172",0.00334,0.000342,83493,0.00578485762144054
"WAB","BM4440","BMS1172",0.000196,9e-05,127356,0.000481387173396675
"WAB","BM720","BMS1172",0,0,121864,0
"WAB","BMC4214","BMS1172",0.000104,2.5e-05,250564,0.000275028132992327
"WAB","BMS1074","BMS1172",0.01673,0.000652,132336,0.0237948005502063
"WAB","AGLA232","BMS1315",0.013676,0.000717,83333,0.0200581333333333
"WAB","BL1036","BMS1315",0.00581,0.000512,89447,0.00943098901098901
"WAB","BM1225","BMS1315",3.4e-05,2.1e-05,155256,0.00010525748502994
"WAB","BM1706","BMS1315",0,0,113166,0
"WAB","BM17132","BMS1315",0.001996,0.000215,90401,0.00368547142857143
"WAB","BM1862","BMS1315",0.000432,0.00011,129599,0.000954461538461538
"WAB","BM2113","BMS1315",0.022896,0.000945,111185,0.0311506105263158
"WAB","BM2830","BMS1315",0.006716,0.000549,95231,0.0107000677966102
"WAB","BM4107","BMS1315",0.000924,0.000172,103640,0.00185517669902913
"WAB","BM4311","BMS1315",9.4e-05,5.7e-05,83135,0.000253114583333333
"WAB","BM4440","BMS1315",0,0,115538,0
"WAB","BM711","BMS1315",0.014342,0.00067,126745,0.0209162595204513
"WAB","BM720","BMS1315",6e-06,6e-06,111128,2.11740614334471e-05
"WAB","BMC4214","BMS1315",0.003828,0.000236,204082,0.00645701794453507
"WAB","BMS1001","BMS1315",0.009512,0.000425,136201,0.0146797134328358
"WAB","BMS1074","BMS1315",0.023972,0.000936,117018,0.0322328322496749
"WAB","BMS1172","BMS1315",0.001356,0.000193,124745,0.00261099441340782
"WAB","AGLA232","BMS1355",0.001534,0.000217,105295,0.00292109760589319
"WAB","BL1036","BMS1355",0,0,110376,0
"WAB","BM1225","BMS1355",0.02588,0.000865,191397,0.0344400514800515
"WAB","BM1706","BMS1355",0.001422,0.000189,140688,0.00272791836734694
"WAB","BM1862","BMS1355",0.000134,5e-05,162318,0.000341270935960591
"WAB","BM2113","BMS1355",0.034022,0.000925,143390,0.0445300607594937
"WAB","BM2830","BMS1355",0.014012,0.000677,120426,0.0204927977369165
"WAB","BM4107","BMS1355",1e-05,1e-05,129575,3.45819397993311e-05
"WAB","BM4311","BMS1355",0.024068,0.001109,103000,0.0323198857142857
"WAB","BM4440","BMS1355",2e-05,1e-05,145170,6.64951768488746e-05
"WAB","BM711","BMS1355",5e-04,0.000138,148054,0.00108613445378151
"WAB","BM720","BMS1355",6e-06,4e-06,138817,2.11740614334471e-05
"WAB","BMC4214","BMS1355",0.00781,0.000261,260675,0.0123290687022901
"WAB","BMS1001","BMS1355",0.007698,0.00039,171303,0.012189482388974
"WAB","BMS1172","BMS1355",0.028192,0.000731,160055,0.0373246197183099
"WAB","AGLA232","BMS1716",0,0,62706,0
"WAB","BL1036","BMS1716",0.00135,0.000351,69607,0.00260915887850467
"WAB","BM1225","BMS1716",0,0,141595,0
"WAB","BM1706","BMS1716",0,0,94864,0
"WAB","BM17132","BMS1716",0,0,73637,0
"WAB","BM1824","BMS1716",0.001648,0.000231,155077,0.00310388342440801
"WAB","BM1862","BMS1716",0,0,110595,0
"WAB","BM2113","BMS1716",0.00389,0.000396,96800,0.00655091205211726
"WAB","BM2830","BMS1716",0.00049,0.000197,76492,0.00107116279069767
"WAB","BM4107","BMS1716",0,0,82160,0
"WAB","BM4311","BMS1716",0,0,62883,0
"WAB","BM4440","BMS1716",0,0,97166,0
"WAB","BM720","BMS1716",0,0,87677,0
"WAB","BMC4214","BMS1716",0.000854,0.000116,214036,0.00173484479371316
"WAB","BMS1001","BMS1716",0.015276,0.000709,124828,0.021968545201669
"WAB","BMS1074","BMS1716",0.000232,0.00013,102174,0.000550201834862385
"WAB","BMS1117","BMS1716",0.000894,0.000143,157346,0.00179843579766537
"WAB","BMS1172","BMS1716",0,0,114049,0
"WAB","BMS1315","BMS1716",0,0,104476,0
"WAB","BMS1355","BMS1716",0.010292,0.000509,132321,0.0158126716196137
"WAB","AGLA232","BMS1747",0,0,45485,0
"WAB","BL1036","BMS1747",2.4e-05,2.4e-05,50869,7.80377358490566e-05
"WAB","BM1225","BMS1747",3e-05,3e-05,105157,9.48623853211009e-05
"WAB","BM1706","BMS1747",0,0,69659,0
"WAB","BM17132","BMS1747",0,0,52803,0
"WAB","BM1824","BMS1747",0,0,116330,0
"WAB","BM1862","BMS1747",0,0,81020,0
"WAB","BM2113","BMS1747",0,0,72164,0
"WAB","BM2830","BMS1747",0,0,55616,0
"WAB","BM4107","BMS1747",0,0,59361,0
"WAB","BM4311","BMS1747",0,0,47055,0
"WAB","BM4440","BMS1747",0,0,71850,0
"WAB","BM711","BMS1747",0.003538,0.000369,87336,0.00608053731343284
"WAB","BM720","BMS1747",0,0,63423,0
"WAB","BMS1001","BMS1747",0,0,95461,0
"WAB","BMS1074","BMS1747",0.000754,0.000313,74264,0.00155615968063872
"WAB","BMS1117","BMS1747",0,0,119237,0
"WAB","BMS1315","BMS1747",0.011508,0.000707,81293,0.0173206288209607
"WAB","BMS1355","BMS1747",0.01741,0.000874,103065,0.0245592633015007
"WAB","BMS1716","BMS1747",0.000102,5.5e-05,61156,0.000271125964010283
"WAB","AGLA232","BMS1857",0,0,54708,0
"WAB","BL1036","BMS1857",5.4e-05,3.5e-05,59987,0.000159988538681948
"WAB","BM1706","BMS1857",0.002164,0.000299,83270,0.00398145195729537
"WAB","BM17132","BMS1857",0,0,62920,0
"WAB","BM1862","BMS1857",0,0,99158,0
"WAB","BM2113","BMS1857",0.000228,8.4e-05,85068,0.000543207373271889
"WAB","BM2830","BMS1857",6.2e-05,6.2e-05,66515,0.000178077777777778
"WAB","BM4107","BMS1857",0,0,72339,0
"WAB","BM4311","BMS1857",0,0,54201,0
"WAB","BM4440","BMS1857",0.000874,0.000213,86218,0.00176852446183953
"WAB","BM720","BMS1857",0,0,78436,0
"WAB","BMS1074","BMS1857",4e-05,2.9e-05,88902,0.000121647058823529
"WAB","BMS1117","BMS1857",0.001592,0.000202,138504,0.00301488644688645
"WAB","BMS1315","BMS1857",0.014972,0.000569,89915,0.0216016713091922
"WAB","BMS1716","BMS1857",0,0,73743,0
"WAB","BMS1747","BMS1857",0,0,53338,0
"WAB","AGLA232","BMS1862",0,0,55452,0
"WAB","BL1036","BMS1862",0.000294,0.000122,60794,0.0006785625
"WAB","BM1225","BMS1862",8e-06,8e-06,118786,2.79459459459459e-05
"WAB","BM1706","BMS1862",0,0,81381,0
"WAB","BM17132","BMS1862",7.2e-05,3.9e-05,63271,0.000201210810810811
"WAB","BM1824","BMS1862",0,0,133594,0
"WAB","BM1862","BMS1862",0,0,94005,0
"WAB","BM2113","BMS1862",0,0,84621,0
"WAB","BM2830","BMS1862",0,0,66252,0
"WAB","BM4107","BMS1862",0,0,70031,0
"WAB","BM4311","BMS1862",0.001034,0.00029,54802,0.00204819157088123
"WAB","BM4440","BMS1862",0,0,81449,0
"WAB","BM711","BMS1862",0.003616,0.000344,96494,0.00616987458745875
"WAB","BM720","BMS1862",0,0,74869,0
"WAB","BMS1001","BMS1862",0,0,108876,0
"WAB","BMS1074","BMS1862",0.000552,0.00013,87802,0.00118416597510373
"WAB","BMS1117","BMS1862",2e-06,2e-06,135830,7.33333333333333e-06
"WAB","BMS1315","BMS1862",0.019752,0.00084,89732,0.0274141852348993
"WAB","BMS1355","BMS1862",0.0067,0.000551,115255,0.010691049382716
"WAB","BMS1716","BMS1862",2.2e-05,2.2e-05,69723,7.2215873015873e-05
"WAB","BMS1747","BMS1862",0,0,53732,0
"WAB","BMS1857","BMS1862",6e-06,4e-06,63273,2.11740614334471e-05
"WAB","AGLA232","BMS2258",0,0,103542,0
"WAB","BL1036","BMS2258",0,0,113601,0
"WAB","BM1225","BMS2258",0,0,206032,0
"WAB","BM1706","BMS2258",0,0,146783,0
"WAB","BM17132","BMS2258",0.005204,0.000424,121286,0.00854116825396825
"WAB","BM1824","BMS2258",0,0,217041,0
"WAB","BM1862","BMS2258",0,0,171668,0
"WAB","BM2113","BMS2258",3.4e-05,3.4e-05,146004,0.00010525748502994
"WAB","BM2830","BMS2258",0,0,122577,0
"WAB","BM4107","BMS2258",0,0,132085,0
"WAB","BM4311","BMS2258",2e-05,2e-05,101907,6.64951768488746e-05
"WAB","BM4440","BMS2258",0,0,149321,0
"WAB","BM711","BMS2258",0,0,153174,0
"WAB","BM720","BMS2258",0,0,142533,0
"WAB","BMC4214","BMS2258",0.001198,0.000139,265145,0.00233282862523541
"WAB","BMS1001","BMS2258",0.000248,7.1e-05,181262,0.0005828
"WAB","BMS1074","BMS2258",9e-05,6.4e-05,159312,0.000244251968503937
"WAB","BMS1117","BMS2258",0,0,218612,0
"WAB","BMS1172","BMS2258",2.2e-05,2.2e-05,172058,7.2215873015873e-05
"WAB","BMS1315","BMS2258",0.001044,0.000135,148925,0.00206404588910134
"WAB","BMS1355","BMS2258",0.003176,0.000231,187760,0.00551004026845638
"WAB","BMS1716","BMS2258",0,0,136045,0
"WAB","BMS1747","BMS2258",0,0,100942,0
"WAB","BMS1857","BMS2258",0.005034,0.000443,120787,0.00828846496815287
"WAB","BMS1862","BMS2258",0,0,112703,0
"WAB","AGLA232","BMS2639",0.000506,7.2e-05,144053,0.00109228392484342
"WAB","BM1225","BMS2639",8e-05,3.7e-05,246765,0.000220586666666667
"WAB","BM17132","BMS2639",0.024156,0.000815,168802,0.0323959844357977
"WAB","BM1824","BMS2639",8e-05,2.7e-05,261301,0.000220586666666667
"WAB","BM2113","BMS2639",0.008404,0.000355,183848,0.0131463479576399
"WAB","BM2830","BMS2639",0.004138,0.000242,165752,0.00694592857142857
"WAB","BM4440","BMS2639",0.000766,0.000115,190311,0.00156840396039604
"WAB","BM720","BMS2639",0.003728,0.000217,196169,0.00634005263157895
"WAB","BMS1074","BMS2639",0.00066,0.000102,209388,0.00138425963488844
"WAB","BMS1117","BMS2639",0.00066,7.6e-05,261119,0.00138425963488844
"WAB","BMS1716","BMS2639",0.00076,9.2e-05,189777,0.00156230616302187
"WAB","BMS1747","BMS2639",0.008166,0.000361,142731,0.0128322857142857
"WAB","BMS1857","BMS2639",0.024208,0.000697,168669,0.0324236683937824
"WAB","BMS1862","BMS2639",0.000276,5.1e-05,161469,0.000642756756756757
"WAB","BMS2258","BMS2639",0.000732,0.00011,242931,0.00151680961923848
"WAB","AGLA232","BMS410",0,0,64243,0
"WAB","BL1036","BMS410",0.00144,0.000224,70634,0.00275733333333333
"WAB","BM1225","BMS410",0.001388,0.00021,139122,0.00266764312267658
"WAB","BM1706","BMS410",2e-05,2e-05,94484,6.64951768488746e-05
"WAB","BM17132","BMS410",0.00272,0.000362,73553,0.0048158904109589
"WAB","BM1824","BMS410",2.2e-05,2.2e-05,148050,7.2215873015873e-05
"WAB","BM1862","BMS410",0,0,110889,0
"WAB","BM2113","BMS410",0.000102,5.8e-05,95175,0.000271125964010283
"WAB","BM2830","BMS410",0,0,76804,0
"WAB","BM4107","BMS410",0,0,83256,0
"WAB","BM4311","BMS410",0.000162,7e-05,63780,0.000406572815533981
"WAB","BM4440","BMS410",0,0,97512,0
"WAB","BM720","BMS410",0,0,90482,0
"WAB","BMS1001","BMS410",0,0,120465,0
"WAB","BMS1074","BMS410",0.016936,0.000882,101407,0.0240217064471879
"WAB","BMS1117","BMS410",0.00011,4.9e-05,150485,0.000288680203045685
"WAB","BMS1315","BMS410",0.029288,0.00089,99934,0.0387260767263427
"WAB","BMS1355","BMS410",0.005166,0.000377,129810,0.00849227980922098
"WAB","BMS1716","BMS410",0.000214,9.6e-05,84794,0.000518210772833724
"WAB","BMS1747","BMS410",0,0,62217,0
"WAB","BMS1857","BMS410",0.002648,0.000375,73559,0.00471973838209983
"WAB","BMS1862","BMS410",0,0,74174,0
"WAB","BMS2258","BMS410",0,0,133275,0
"WAB","BMS2639","BMS410",0.022982,0.000588,172798,0.0311855485564304
"WAB","AGLA232","BMS510",0.001004,0.000177,110901,0.00199641538461538
"WAB","BL1036","BMS510",0,0,119628,0
"WAB","BM1225","BMS510",4.2e-05,2.2e-05,210530,0.000127354838709677
"WAB","BM1706","BMS510",0,0,152697,0
"WAB","BM17132","BMS510",0.01348,0.000618,124806,0.0199118857142857
"WAB","BM1824","BMS510",0.018832,0.000577,222578,0.0263852140921409
"WAB","BM1862","BMS510",0.000894,0.000173,178684,0.00179843579766537
"WAB","BM2113","BMS510",0.022546,0.000811,151922,0.0307553614775726
"WAB","BM2830","BMS510",0.000288,8e-05,128814,0.000666201342281879
"WAB","BM4107","BMS510",0,0,139739,0
"WAB","BM4440","BMS510",6e-06,6e-06,154973,2.11740614334471e-05
"WAB","BM711","BMS510",0.00183,0.000183,154033,0.00340327338129496
"WAB","BM720","BMS510",0,0,151450,0
"WAB","BMS1074","BMS510",0.008534,0.000462,164328,0.0133094358974359
"WAB","BMS1117","BMS510",0.005714,0.000285,222394,0.00928974213836478
"WAB","BMS1355","BMS510",0.02161,0.000585,187340,0.0296742895086321
"WAB","BMS1716","BMS510",0.00062,0.000153,143076,0.00130832653061224
"WAB","BMS1747","BMS510",0.00105,0.000173,108604,0.0020719465648855
"WAB","BMS1857","BMS510",0.014012,0.000641,125330,0.0204927977369165
"WAB","BMS1862","BMS510",0.001096,0.000182,123551,0.00215449429657795
"WAB","BMS2258","BMS510",3.6e-05,2.6e-05,204243,0.000110785714285714
"WAB","AGLA232","BMS527",0,0,53416,0
"WAB","BL1036","BMS527",0,0,58979,0
"WAB","BM1225","BMS527",0,0,117714,0
"WAB","BM1706","BMS527",0,0,80329,0
"WAB","BM17132","BMS527",4.6e-05,4.6e-05,61808,0.00013867055393586
"WAB","BM1824","BMS527",0,0,128502,0
"WAB","BM1862","BMS527",0,0,92976,0
"WAB","BM2113","BMS527",0,0,82335,0
"WAB","BM2830","BMS527",0,0,64724,0
"WAB","BM4107","BMS527",0,0,68899,0
"WAB","BM4311","BMS527",0,0,53763,0
"WAB","BM4440","BMS527",0,0,82374,0
"WAB","BM711","BMS527",0.000518,0.000133,97903,0.00111585833333333
"WAB","BM720","BMS527",0,0,73520,0
"WAB","BMC4214","BMS527",0.002228,0.000189,181817,0.00407743716814159
"WAB","BMS1001","BMS527",0,0,107159,0
"WAB","BMS1074","BMS527",0.000374,0.000131,85805,0.00084435807860262
"WAB","BMS1117","BMS527",0.00031,9.7e-05,131618,0.000709159292035398
"WAB","BMS1172","BMS527",0.001896,0.000229,95598,0.00351337634408602
"WAB","BMS1315","BMS527",7.2e-05,3.9e-05,91500,0.000201210810810811
"WAB","BMS1355","BMS527",0,0,114095,0
"WAB","BMS1716","BMS527",0,0,70948,0
"WAB","BMS1747","BMS527",0,0,51674,0
"WAB","BMS1857","BMS527",0.000346,0.000163,62430,0.000788026431718062
"WAB","BMS1862","BMS527",0,0,61716,0
"WAB","BMS2258","BMS527",0,0,113644,0
"WAB","BMS410","BMS527",0,0,72286,0
"WAB","BMS510","BMS527",6.2e-05,3.9e-05,121804,0.000178077777777778
"WAB","AGLA232","BMS528",0.018322,0.000526,99715,0.0257404184782609
"WAB","BL1036","BMS528",0.002786,0.00021,107431,0.00491591126279863
"WAB","BM17132","BMS528",0.017152,0.000587,112486,0.0242615157318741
"WAB","BM1862","BMS528",0.002452,0.000203,174148,0.00441701742160279
"WAB","BM2113","BMS528",0.020138,0.000566,142383,0.0279124557640751
"WAB","BM4107","BMS528",0.001286,0.000177,131806,0.00249011985018727
"WAB","BM4311","BMS528",0.000852,0.000101,90876,0.00173418897637795
"WAB","BM720","BMS528",0.00396,0.000246,146209,0.0066579512195122
"WAB","BMS1001","BMS528",0.010612,0.000326,166803,0.0162503195266272
"WAB","BMS1716","BMS528",0.01616,0.000556,133657,0.0231112586445367
"WAB","BMS1747","BMS528",0.001548,0.000144,96481,0.00294233823529412
"WAB","BMS1857","BMS528",0.003488,0.000228,111302,0.00601098666666667
"WAB","BMS1862","BMS528",0.02377,0.000633,109605,0.0320445632333768
"WAB","AGLA232","BMS601",0.00252,0.000583,52091,0.00451590987868284
"WAB","BL1036","BMS601",0,0,79204,0
"WAB","BM1225","BMS601",3.4e-05,3e-05,114531,0.00010525748502994
"WAB","BM1706","BMS601",0,0,88295,0
"WAB","BM1862","BMS601",0.000128,7.7e-05,92615,0.000329233830845771
"WAB","BM4107","BMS601",6e-06,6e-06,67307,2.11740614334471e-05
"WAB","BM4311","BMS601",0.000862,0.000237,69694,0.00174766274509804
"WAB","BM4440","BMS601",6.8e-05,6.8e-05,87836,0.000192635616438356
"WAB","BM711","BMS601",0.000646,0.00013,101746,0.00136041547861507
"WAB","BM720","BMS601",0,0,97012,0
"WAB","BMS1172","BMS601",0.001126,0.000163,110095,0.00220508333333333
"WAB","BMS1355","BMS601",3.2e-05,2.3e-05,120912,0.000100266666666667
"WAB","BMS1716","BMS601",0.000218,9.1e-05,60507,0.000525435897435897
"WAB","BMS1747","BMS601",0.002292,0.000353,62400,0.00417240845070423
"WAB","BMS1857","BMS601",0.020996,0.001093,48106,0.0289492426666667
"WAB","BMS1862","BMS601",0.011158,0.000811,71242,0.0169169677419355
"WAB","BMS2258","BMS601",0.003688,0.000394,100341,0.00628235914332784
"WAB","BMS410","BMS601",0.004844,0.000506,63887,0.00800111182108626
"WAB","BMS510","BMS601",3e-05,2.3e-05,120991,9.48623853211009e-05
"WAB","BMS527","BMS601",0,0,60930,0
"WAB","AGLA232","BMS812",0,0,84520,0
"WAB","BL1036","BMS812",0,0,93189,0
"WAB","BM1225","BMS812",0,0,179554,0
"WAB","BM1706","BMS812",0,0,123497,0
"WAB","BM17132","BMS812",0.000132,0.000126,101122,0.000337841584158416
"WAB","BM1824","BMS812",0,0,193130,0
"WAB","BM1862","BMS812",0,0,144949,0
"WAB","BM2113","BMS812",0,0,126058,0
"WAB","BM2830","BMS812",0,0,101414,0
"WAB","BM4107","BMS812",0,0,108564,0
"WAB","BM4311","BMS812",0,0,84042,0
"WAB","BM4440","BMS812",0,0,126755,0
"WAB","BM711","BMS812",0,0,135108,0
"WAB","BM720","BMS812",0,0,118047,0
"WAB","BMC4214","BMS812",3.6e-05,2.3e-05,246916,0.000110785714285714
"WAB","BMS1001","BMS812",0,0,159170,0
"WAB","BMS1074","BMS812",0,0,134402,0
"WAB","BMS1117","BMS812",0,0,194519,0
"WAB","BMS1172","BMS812",2.8e-05,2.1e-05,148254,8.99130434782609e-05
"WAB","BMS1315","BMS812",3e-04,8.1e-05,131163,0.000689333333333333
"WAB","BMS1355","BMS812",5.6e-05,5.6e-05,163726,0.00016544
"WAB","BMS1716","BMS812",0,0,112454,0
"WAB","BMS1747","BMS812",0,0,81720,0
"WAB","BMS1857","BMS812",0.000692,0.000153,100723,0.00143969416498994
"WAB","BMS1862","BMS812",0,0,93824,0
"WAB","BMS2258","BMS812",0,0,173125,0
"WAB","BMS2639","BMS812",0.002986,0.000174,224503,0.00523309152542373
"WAB","BMS410","BMS812",0,0,113155,0
"WAB","BMS510","BMS812",7e-05,4.1e-05,180165,0.000197220708446866
"WAB","BMS527","BMS812",0,0,94041,0
"WAB","BMS528","BMS812",0.014986,0.000533,178256,0.0216016713091922
"WAB","BMS601","BMS812",0,0,97288,0
"WAB","AGLA232","BMS941",1.4e-05,1.4e-05,171051,4.71530944625407e-05
"WAB","BL1036","BMS941",0.016848,0.000554,184321,0.0239297142857143
"WAB","BM1225","BMS941",0.00102,0.000119,270467,0.00202433781190019
"WAB","BM1706","BMS941",0.00162,0.000153,211681,0.00306230347349177
"WAB","BM17132","BMS941",4.8e-05,1.6e-05,190101,0.000143860869565217
"WAB","BM1824","BMS941",0.000576,7.1e-05,285317,0.00123054545454545
"WAB","BM1862","BMS941",0.000938,0.000123,243512,0.00187963565891473
"WAB","BM2113","BMS941",0.000592,8.3e-05,210923,0.0012569363449692
"WAB","BM2830","BMS941",0.011744,0.00051,191439,0.0175570809248555
"WAB","BM4107","BMS941",0.001784,0.000154,203874,0.00332970397111913
"WAB","BM4311","BMS941",0.007476,0.000389,166504,0.0118743225806452
"WAB","BM4440","BMS941",2e-04,4.9e-05,215542,0.000488888888888889
"WAB","BM720","BMS941",9e-05,3.3e-05,219113,0.000244251968503937
"WAB","BMS1074","BMS941",0.00221,0.000186,232989,0.00405166666666667
"WAB","BMS1117","BMS941",0.002592,0.000146,279750,0.00462889119170984
"WAB","BMS1172","BMS941",0.025784,0.000453,250918,0.0343565154639175
"WAB","BMS1716","BMS941",1.2e-05,1.2e-05,214757,4.12225913621262e-05
"WAB","BMS1747","BMS941",0.001004,0.000141,168527,0.00199641538461538
"WAB","BMS1857","BMS941",0.00049,9.9e-05,190232,0.00107116279069767
"WAB","BMS1862","BMS941",0.003018,0.000253,189696,0.00527130405405405
"WAB","BMS2258","BMS941",0.004216,0.00024,265748,0.00706538735818477
"WAB","BMS2639","BMS941",0.000582,5.6e-05,310744,0.0012408
"WAB","BMS410","BMS941",0.002776,0.000187,199593,0.00490663931623932
"WAB","BMS510","BMS941",0.003546,0.000196,270316,0.00608053731343284
"WAB","BMS527","BMS941",0.002272,0.000193,181729,0.0041506148409894
"WAB","BMS528","BMS941",0.017932,0.000314,265020,0.0252296
"WAB","BMS601","BMS941",0.003048,0.000166,147081,0.00530577777777778
"WAB","BMS812","BMS941",3e-05,1.6e-05,245701,9.48623853211009e-05
"WAB","BL1036","HUJ246",0.036288,0.000868,109099,0.0473162572509458
"WAB","BM1225","HUJ246",0.011136,0.000418,207754,0.0169114419970631
"WAB","BM17132","HUJ246",0.020998,0.00068,116636,0.0289492426666667
"WAB","BM1824","HUJ246",0.01167,0.000388,227784,0.0174880869565217
"WAB","BM2113","HUJ246",0.022512,0.000629,145899,0.0307495482166447
"WAB","BM2830","HUJ246",0.014374,0.000538,118844,0.0209334028169014
"WAB","BM4311","HUJ246",0.011296,0.000388,94104,0.0171011185944363
"WAB","BM720","HUJ246",0.004246,0.000275,149666,0.00710414886731392
"WAB","BMS1001","HUJ246",0.01175,0.000328,169513,0.0175570809248555
"WAB","BMS1074","HUJ246",0.00945,0.000364,161654,0.0146243766816143
"WAB","BMS1117","HUJ246",0.002422,0.000174,218729,0.00438589842381786
"WAB","BMS1716","HUJ246",0.01962,0.00059,138333,0.0273042799461642
"WAB","BMS1747","HUJ246",0.009614,0.000427,98979,0.0148150163934426
"WAB","BMS1857","HUJ246",0.01881,0.000661,116282,0.0263852140921409
"WAB","BMS1862","HUJ246",0.003824,0.00025,113527,0.00645701794453507
"WAB","BMS2258","HUJ246",0.002376,0.000208,201424,0.00431014736842105
"WAB","BMS2639","HUJ246",0.006594,0.000205,278649,0.010538170015456
"WAB","BMS528","HUJ246",0.034192,0.000371,178422,0.04469598988622
"WAB","BMS812","HUJ246",0.023022,0.000645,182641,0.0311988833551769
"WAB","BMS941","HUJ246",0.0196,0.000376,262807,0.0273042799461642
"WAB","AGLA232","IL4",0.006508,0.00053,65655,0.0104168297213622
"WAB","BL1036","IL4",0.020336,0.000851,89480,0.0281491619812584
"WAB","BM1824","IL4",0.019248,0.000705,150308,0.0268951783783784
"WAB","BM1862","IL4",7.6e-05,4.6e-05,116910,0.000211247311827957
"WAB","BM2113","IL4",0.03247,0.001124,98309,0.0426607115628971
"WAB","BM2830","IL4",0.033684,0.001435,69885,0.0441995634517766
"WAB","BM4107","IL4",0.000286,0.000112,82031,0.000663058295964126
"WAB","BM4311","IL4",0.001112,0.000147,76297,0.00218179886148008
"WAB","BM720","IL4",0.002432,0.000261,124536,0.00439630769230769
"WAB","BMS1001","IL4",0.01496,0.000407,231865,0.0216016713091922
"WAB","BMS1117","IL4",0.002152,0.000176,137506,0.00396643137254902
"WAB","BMS1747","IL4",0.000384,0.000111,76953,0.000863165217391304
"WAB","BMS1857","IL4",0.006042,0.000474,60823,0.00973119626168224
"WAB","BMS1862","IL4",0.0281,0.000961,93035,0.0372505128205128
"WAB","BMS410","IL4",0.00433,0.000378,71758,0.0072329886914378
"WAB","BMS527","IL4",0.022628,0.001093,68850,0.0308265507246377
"WAB","BMS601","IL4",0.021214,0.00086,91569,0.02916925
"WAB","BMS812","IL4",0.022952,0.000934,124753,0.0311855485564304
"WAB","BMS941","IL4",0.034534,0.000522,206570,0.0450860555555556
"WAB","AGLA232","ILSTS102",0,0,200688,0
"WAB","BL1036","ILSTS102",0.014108,0.000533,208530,0.0206040564971751
"WAB","BM1225","ILSTS102",0,0,288002,0
"WAB","BM1706","ILSTS102",9.8e-05,3.7e-05,239917,0.000262518134715026
"WAB","BM1824","ILSTS102",1.6e-05,1e-05,297963,5.37142857142857e-05
"WAB","BM1862","ILSTS102",0.00172,0.00012,262798,0.00322188405797101
"WAB","BM2113","ILSTS102",2e-06,2e-06,244924,7.33333333333333e-06
"WAB","BM2830","ILSTS102",3.8e-05,2.5e-05,217233,0.000116248520710059
"WAB","BM4107","ILSTS102",0.000216,4.4e-05,229629,0.000521831775700935
"WAB","BM4440","ILSTS102",0.000202,4e-05,243466,0.000491454117647059
"WAB","BM720","ILSTS102",8e-05,2.5e-05,240152,0.000220586666666667
"WAB","BMS1001","ILSTS102",0.004932,0.000219,266815,0.00813347368421053
"WAB","BMS1117","ILSTS102",0.000136,4.2e-05,297245,0.000344666666666667
"WAB","BMS1172","ILSTS102",0.026338,0.000507,259042,0.0350044884318766
"WAB","BMS1716","ILSTS102",0.01942,0.000542,232037,0.0270988933873144
"WAB","BMS1747","ILSTS102",2.6e-05,2.4e-05,198663,8.40125e-05
"WAB","BMS1862","ILSTS102",0.000358,8.1e-05,211136,0.000811780701754386
"WAB","BMS2258","ILSTS102",0.00026,5.4e-05,282767,0.000608235294117647
"WAB","BMS2639","ILSTS102",0.013578,0.000305,320418,0.019969125
"WAB","BMS410","ILSTS102",0.00127,0.000127,233812,0.00246375234521576
"WAB","BMS510","ILSTS102",0.006106,0.000259,288137,0.00980373291925466
"WAB","BMS527","ILSTS102",0.00282,0.000209,212717,0.00496742759795571
"WAB","BMS601","ILSTS102",0.018974,0.000515,208910,0.0265481948579161
"WAB","BMS812","ILSTS102",2e-06,2e-06,265969,7.33333333333333e-06
"WAB","BMS941","ILSTS102",0.023108,0.000421,329209,0.0312744397905759
"WAB","AGLA232","INRA037",0,0,44308,0
"WAB","BL1036","INRA037",0,0,48861,0
"WAB","BM1225","INRA037",0,0,98911,0
"WAB","BM1706","INRA037",0,0,66036,0
"WAB","BM17132","INRA037",0,0,50995,0
"WAB","BM1824","INRA037",0.000564,0.000142,108256,0.00120740372670807
"WAB","BM1862","INRA037",0,0,76519,0
"WAB","BM2113","INRA037",0,0,68415,0
"WAB","BM2830","INRA037",0.00016,8.4e-05,53591,0.000403512195121951
"WAB","BM4107","INRA037",0,0,57155,0
"WAB","BM4311","INRA037",0,0,45533,0
"WAB","BM4440","INRA037",0,0,67804,0
"WAB","BM711","INRA037",0,0,85612,0
"WAB","BM720","INRA037",0,0,61000,0
"WAB","BMS1074","INRA037",0,0,70657,0
"WAB","BMS1117","INRA037",0,0,112429,0
"WAB","BMS1172","INRA037",0.02705,0.001148,79307,0.035904621309371
"WAB","BMS1315","INRA037",0.01136,0.000839,79167,0.017147795620438
"WAB","BMS1355","INRA037",3.4e-05,2.2e-05,98185,0.00010525748502994
"WAB","BMS1716","INRA037",0,0,58320,0
"WAB","BMS1747","INRA037",2.8e-05,2.8e-05,42865,8.99130434782609e-05
"WAB","BMS1857","INRA037",0,0,50733,0
"WAB","BMS1862","INRA037",0.000404,0.000188,51493,0.000904190476190476
"WAB","BMS2258","INRA037",5.2e-05,5.2e-05,95032,0.000154505747126437
"WAB","BMS2639","INRA037",0.00067,0.000105,131941,0.00140238866396761
"WAB","BMS410","INRA037",0.013236,0.00109,59466,0.0196074842406877
"WAB","BMS510","INRA037",0,0,102480,0
"WAB","BMS527","INRA037",0,0,49633,0
"WAB","BMS528","INRA037",0.01718,0.000638,90795,0.0242679234972678
"WAB","BMS601","INRA037",0,0,48575,0
"WAB","BMS812","INRA037",0,0,78109,0
"WAB","BMS941","INRA037",9.6e-05,4.2e-05,160230,0.000257828571428571
"WAB","HUJ246","INRA037",0.00925,0.000414,92364,0.0143611111111111
"WAB","IL4","INRA037",0.011548,0.000812,59622,0.0173555697674419
"WAB","ILSTS102","INRA037",0.025694,0.000944,195879,0.0342807690322581
"WAB","AGLA232","INRA133",0,0,74235,0
"WAB","BL1036","INRA133",0.002932,0.000353,81020,0.00514717826825127
"WAB","BM1225","INRA133",0,0,152193,0
"WAB","BM1706","INRA133",0,0,106206,0
"WAB","BM17132","INRA133",4e-06,4e-06,85069,1.4411149825784e-05
"WAB","BM1824","INRA133",0,0,160750,0
"WAB","BM1862","INRA133",0,0,124887,0
"WAB","BM2113","INRA133",0,0,106872,0
"WAB","BM2830","INRA133",0,0,88097,0
"WAB","BM4107","INRA133",0,0,95164,0
"WAB","BM4311","INRA133",0.004506,0.000604,73250,0.00751484516129032
"WAB","BM4440","INRA133",0,0,108810,0
"WAB","BM711","INRA133",0.00023,8.1e-05,117774,0.000546712643678161
"WAB","BM720","INRA133",0,0,103089,0
"WAB","BMC4214","INRA133",0.015,5e-04,211498,0.0216016713091922
"WAB","BMS1001","INRA133",1.4e-05,8e-06,134596,4.71530944625407e-05
"WAB","BMS1074","INRA133",3e-04,7.4e-05,114055,0.000689333333333333
"WAB","BMS1117","INRA133",0,0,163576,0
"WAB","BMS1315","INRA133",0.022404,0.000927,111967,0.0306425079365079
"WAB","BMS1355","INRA133",0.033756,0.000963,143120,0.0442379011406844
"WAB","BMS1716","INRA133",0.005234,0.000559,96832,0.00857679239302694
"WAB","BMS1747","INRA133",0,0,72512,0
"WAB","BMS1857","INRA133",0.000178,7e-05,84679,0.000440315789473684
"WAB","BMS1862","INRA133",0,0,84883,0
"WAB","BMS2258","INRA133",1.2e-05,1.2e-05,146922,4.12225913621262e-05
"WAB","BMS2639","INRA133",0.008038,0.000375,183927,0.0126503683409437
"WAB","BMS410","INRA133",0.000206,0.00015,95096,0.000500009389671362
"WAB","BMS510","INRA133",0.024376,0.000777,152006,0.032606447606727
"WAB","BMS527","INRA133",0,0,82357,0
"WAB","BMS528","INRA133",0.02063,0.000643,143068,0.0285179411764706
"WAB","BMS812","INRA133",0,0,126365,0
"WAB","BMS941","INRA133",6e-04,9.4e-05,211341,0.00127131147540984
"WAB","HUJ246","INRA133",0.022052,0.000615,146024,0.0302410716180371
"WAB","IL4","INRA133",0.030188,0.001152,97442,0.0398142755102041
"WAB","ILSTS102","INRA133",1.4e-05,1.4e-05,245072,4.71530944625407e-05
"WAB","INRA037","INRA133",0,0,68449,0
"WAB","AGLA232","INRA194",0,0,94481,0
"WAB","BL1036","INRA194",0.00284,0.000352,100694,0.00499414965986395
"WAB","BM1225","INRA194",0.000162,5.8e-05,182255,0.000406572815533981
"WAB","BM1706","INRA194",0,0,130458,0
"WAB","BM17132","INRA194",0.023742,0.000813,106609,0.0320445632333768
"WAB","BM1824","INRA194",2e-04,4.9e-05,197974,0.000488888888888889
"WAB","BM1862","INRA194",0.000414,9.4e-05,153099,0.000922577586206896
"WAB","BM2113","INRA194",0.000122,7e-05,131999,0.00031537
"WAB","BM2830","INRA194",1e-05,8e-06,110569,3.45819397993311e-05
"WAB","BM4107","INRA194",0.000504,0.000131,119083,0.00109228392484342
"WAB","BM4311","INRA194",0.012614,0.000816,91690,0.0187937694524496
"WAB","BM4440","INRA194",0.000202,0.000115,134366,0.000491454117647059
"WAB","BM711","INRA194",0.001712,0.000201,134135,0.00321271869328494
"WAB","BM720","INRA194",0.000178,6e-05,129402,0.000440315789473684
"WAB","BMS1001","INRA194",4e-06,4e-06,162871,1.4411149825784e-05
"WAB","BMS1117","INRA194",0.008384,0.000378,197624,0.0131349333333333
"WAB","BMS1315","INRA194",0.005962,0.000331,132735,0.00963235625
"WAB","BMS1355","INRA194",0.017934,0.000492,167920,0.0252296
"WAB","BMS1747","INRA194",0,0,92595,0
"WAB","BMS1857","INRA194",0.024862,0.000819,106745,0.0332135762273902
"WAB","BMS1862","INRA194",0.000258,9.1e-05,106692,0.000604925170068027
"WAB","BMS2258","INRA194",0.000224,6.4e-05,179381,0.000536148148148148
"WAB","BMS410","INRA194",7e-05,4.7e-05,118384,0.000197220708446866
"WAB","BMS527","INRA194",0,0,103065,0
"WAB","BMS812","INRA194",0.000118,3.9e-05,155491,0.000307335012594458
"WAB","IL4","INRA194",0.019728,0.000641,138037,0.0274141852348993
"WAB","ILSTS102","INRA194",0.005558,0.00021,260375,0.00905034960629921
"WAB","INRA037","INRA194",0.013462,0.000844,86531,0.0199118857142857
"WAB","INRA133","INRA194",6.6e-05,4.7e-05,131886,0.000188519337016575
"WAB","AGLA232","RM372",0,0,69546,0
"WAB","BM1225","RM372",0.001798,0.000272,146309,0.00334978738738739
"WAB","BM1706","RM372",5.8e-05,4.7e-05,101215,0.000169412429378531
"WAB","BM1824","RM372",0.00088,0.000143,155860,0.0017771875
"WAB","BM1862","RM372",9.2e-05,4.4e-05,119179,0.000249026178010471
"WAB","BM2113","RM372",0.000382,0.000111,101444,0.000860540305010893
"WAB","BM2830","RM372",0,0,82990,0
"WAB","BM4107","RM372",0,0,89955,0
"WAB","BM4440","RM372",3e-05,3e-05,104266,9.48623853211009e-05
"WAB","BM720","RM372",1.4e-05,1.1e-05,98368,4.71530944625407e-05
"WAB","BMS1001","RM372",5.8e-05,4e-05,128367,0.000169412429378531
"WAB","BMS1117","RM372",0.003602,0.000306,159142,0.00615614545454545
"WAB","BMS1172","RM372",0.030464,0.000959,117304,0.0401271031847134
"WAB","BMS1355","RM372",0.014426,0.000617,137768,0.0209795836849508
"WAB","BMS1716","RM372",0.011442,0.000818,92126,0.0172463965014577
"WAB","BMS1747","RM372",0,0,69040,0
"WAB","BMS1862","RM372",0,0,80273,0
"WAB","BMS2258","RM372",0.000354,9.1e-05,142027,0.000804474725274725
"WAB","BMS410","RM372",0.000428,0.000101,90324,0.000947648822269807
"WAB","BMS510","RM372",0.009682,0.000513,146338,0.0148976011904762
"WAB","BMS527","RM372",0.000164,0.000122,78158,0.000410595641646489
"WAB","BMS601","RM372",0.013564,0.000897,84915,0.019969125
"WAB","BMS812","RM372",0.00024,0.000138,120980,0.000567871853546911
"WAB","BMS941","RM372",0.015954,0.000564,203795,0.0228482493074792
"WAB","INRA133","RM372",0.00059,0.000143,101988,0.00125526748971193
"WAB","INRA194","RM372",0.00041,9.3e-05,125911,0.000915637149028078
"WAB","AGLA232","SPS115",0,0,99062,0
"WAB","BL1036","SPS115",0,0,108587,0
"WAB","BM1225","SPS115",0,0,197695,0
"WAB","BM1706","SPS115",0,0,141197,0
"WAB","BM17132","SPS115",0.001702,0.000247,114376,0.00319976
"WAB","BM1824","SPS115",0.000152,5e-05,209796,0.000384273838630807
"WAB","BM1862","SPS115",0,0,164713,0
"WAB","BM2113","SPS115",0.002482,0.000236,141651,0.00445553472222222
"WAB","BM2830","SPS115",0,0,117462,0
"WAB","BM4107","SPS115",0,0,126802,0
"WAB","BM4311","SPS115",2.4e-05,2.4e-05,97666,7.80377358490566e-05
"WAB","BM4440","SPS115",0,0,144250,0
"WAB","BM711","SPS115",0.014698,0.000761,148114,0.0213151921458626
"WAB","BM720","SPS115",0,0,136153,0
"WAB","BMC4214","SPS115",0.004804,0.000202,260562,0.00796047435897436
"WAB","BMS1001","SPS115",8.8e-05,7.1e-05,174133,0.000240084432717678
"WAB","BMS1074","SPS115",0.013596,0.000711,151282,0.019969125
"WAB","BMS1117","SPS115",0.00313,0.000264,211007,0.00543936134453782
"WAB","BMS1172","SPS115",6e-05,4.7e-05,165177,0.000174269662921348
"WAB","BMS1315","SPS115",6e-05,4.4e-05,143711,0.000174269662921348
"WAB","BMS1355","SPS115",4e-06,3e-06,177757,1.4411149825784e-05
"WAB","BMS1716","SPS115",0,0,129920,0
"WAB","BMS1747","SPS115",0,0,96938,0
"WAB","BMS1857","SPS115",0.000106,4.3e-05,114955,0.00027889058524173
"WAB","BMS1862","SPS115",0,0,109030,0
"WAB","BMS2258","SPS115",0,0,191489,0
"WAB","BMS410","SPS115",2.4e-05,2.4e-05,127597,7.80377358490566e-05
"WAB","BMS510","SPS115",0.000128,5.2e-05,196986,0.000329233830845771
"WAB","BMS527","SPS115",0,0,109743,0
"WAB","BMS528","SPS115",0.037624,0.000754,190194,0.0489964937027708
"WAB","BMS601","SPS115",0,0,102083,0
"WAB","BMS812","SPS115",0,0,166719,0
"WAB","BMS941","SPS115",0.016972,0.000504,260506,0.0240397917808219
"WAB","IL4","SPS115",0.013576,0.00063,115948,0.019969125
"WAB","ILSTS102","SPS115",0.00116,0.000102,279248,0.00226737240075614
"WAB","INRA037","SPS115",6e-06,6e-06,91722,2.11740614334471e-05
"WAB","INRA133","SPS115",0.002666,0.000293,141471,0.00473650171821306
"WAB","INRA194","SPS115",0.004798,0.000342,169543,0.00796047435897436
"WAB","RM372","SPS115",5.2e-05,4.1e-05,136208,0.000154505747126437
"WAB","AGLA232","TGLA122",0.005922,0.000329,191248,0.00958270422535211
"WAB","BL1036","TGLA122",0.010624,0.000366,202543,0.0162503195266272
"WAB","BM1225","TGLA122",0.023868,0.000471,282399,0.03213478125
"WAB","BM1706","TGLA122",0.003772,0.000222,230465,0.00640434811165846
"WAB","BM17132","TGLA122",0.013226,0.000398,208060,0.0196074842406877
"WAB","BM1862","TGLA122",0.000284,4.8e-05,255779,0.000659901123595506
"WAB","BM2830","TGLA122",0.032438,0.000728,207121,0.0426607115628971
"WAB","BM4107","TGLA122",0.00073,9.8e-05,220611,0.00151570281124498
"WAB","BM4311","TGLA122",0,0,187626,0
"WAB","BM4440","TGLA122",0.002572,0.000189,234975,0.00460112110726644
"WAB","BM720","TGLA122",2.6e-05,1.7e-05,234509,8.40125e-05
"WAB","BMC4214","TGLA122",0.00378,0.000152,334704,0.00640740983606557
"WAB","BMS1172","TGLA122",0.003016,0.000223,258849,0.00527130405405405
"WAB","BMS1716","TGLA122",0.000242,5.4e-05,227476,0.000569995444191344
"WAB","BMS1747","TGLA122",0.005832,3e-04,189170,0.00945186206896552
"WAB","BMS1857","TGLA122",0.012744,0.000378,208375,0.0189601381294964
"WAB","BMS2258","TGLA122",0.001232,0.000134,277546,0.00239452631578947
"WAB","BMS410","TGLA122",0.014516,0.000453,219430,0.0210808202247191
"WAB","BMS527","TGLA122",0,0,202531,0
"WAB","BMS812","TGLA122",0.000832,8.7e-05,259578,0.00170017391304348
"WAB","INRA194","TGLA122",0.015432,0.00045,262487,0.0221620666666667
"WAB","SPS115","TGLA122",0.000338,5.5e-05,272908,0.000771505518763797
"WAB","AGLA232","TGLA44",0,0,47299,0
"WAB","BL1036","TGLA44",0,0,53300,0
"WAB","BM1225","TGLA44",0,0,109052,0
"WAB","BM1706","TGLA44",0,0,72504,0
"WAB","BM17132","TGLA44",0.000544,0.000251,56151,0.00116943035343035
"WAB","BM1824","TGLA44",0,0,122131,0
"WAB","BM1862","TGLA44",0,0,84130,0
"WAB","BM2113","TGLA44",0,0,76003,0
"WAB","BM2830","TGLA44",0,0,57581,0
"WAB","BM4107","TGLA44",0,0,61295,0
"WAB","BM4311","TGLA44",0,0,49258,0
"WAB","BM4440","TGLA44",0,0,74941,0
"WAB","BM711","TGLA44",0.00013,8.2e-05,91364,0.000333548387096774
"WAB","BM720","TGLA44",0,0,65313,0
"WAB","BMC4214","TGLA44",0.002708,0.000245,174923,0.0048028679245283
"WAB","BMS1001","TGLA44",0,0,100704,0
"WAB","BMS1074","TGLA44",0.000436,0.000163,77958,0.000961245202558635
"WAB","BMS1117","TGLA44",0,0,125152,0
"WAB","BMS1172","TGLA44",0.000194,6.4e-05,89357,0.000477609523809524
"WAB","BMS1315","TGLA44",0.00017,7.3e-05,86334,0.000422548076923077
"WAB","BMS1355","TGLA44",0,0,106615,0
"WAB","BMS1716","TGLA44",0,0,63492,0
"WAB","BMS1747","TGLA44",0,0,45940,0
"WAB","BMS1857","TGLA44",0.000224,0.000117,56218,0.000536148148148148
"WAB","BMS1862","TGLA44",0,0,55011,0
"WAB","BMS2258","TGLA44",0,0,104963,0
"WAB","BMS2639","TGLA44",0.016354,0.000585,149014,0.0233241875862069
"WAB","BMS410","TGLA44",0,0,65928,0
"WAB","BMS510","TGLA44",1.4e-05,1.4e-05,113634,4.71530944625407e-05
"WAB","BMS527","TGLA44",0,0,53272,0
"WAB","BMS528","TGLA44",0.008728,0.000416,104848,0.0135914939759036
"WAB","BMS601","TGLA44",0,0,88705,0
"WAB","BMS812","TGLA44",0,0,84541,0
"WAB","BMS941","TGLA44",0.000492,8.9e-05,175220,0.00107326582278481
"WAB","HUJ246","TGLA44",0.001764,0.00018,107017,0.00329832911392405
"WAB","IL4","TGLA44",0.004728,0.000428,81833,0.00785972990353698
"WAB","ILSTS102","TGLA44",0.000506,9.8e-05,203759,0.00109228392484342
"WAB","INRA037","TGLA44",0,0,44877,0
"WAB","INRA133","TGLA44",0,0,76657,0
"WAB","INRA194","TGLA44",0,0,96893,0
"WAB","RM372","TGLA44",0.00036,0.000135,71969,0.000814529540481401
"WAB","SPS115","TGLA44",0,0,101655,0
"WAB","TGLA122","TGLA44",2.2e-05,1.1e-05,193497,7.2215873015873e-05
"WAB","BM1225","TGLA53",0.011138,0.000362,271619,0.0169114419970631
"WAB","BM1706","TGLA53",0.010604,0.000451,211933,0.0162503195266272
"WAB","BM1862","TGLA53",0.013044,0.000483,242693,0.0193785862068966
"WAB","BM2113","TGLA53",0.016204,0.000472,210794,0.0231421767955801
"WAB","BM4107","TGLA53",0.000122,4.1e-05,204169,0.00031537
"WAB","BM4311","TGLA53",0.008218,0.000422,166291,0.0128944036418816
"WAB","BM4440","TGLA53",6.8e-05,3.4e-05,215607,0.000192635616438356
"WAB","BM711","TGLA53",0.007904,0.000379,207215,0.0124584390243902
"WAB","BM720","TGLA53",0.000688,0.000107,219644,0.00143425806451613
"WAB","BMC4214","TGLA53",4e-06,3e-06,312823,1.4411149825784e-05
"WAB","BMS1074","TGLA53",0.001976,0.00013,232861,0.00365506976744186
"WAB","BMS1117","TGLA53",0.009008,0.000318,279422,0.0140064240601504
"WAB","BMS1172","TGLA53",0.000106,2.6e-05,250479,0.00027889058524173
"WAB","BMS1315","TGLA53",0.003546,0.000257,203570,0.00608053731343284
"WAB","BMS1355","TGLA53",0.007784,3e-04,259872,0.0123068134556575
"WAB","BMS1716","TGLA53",0.000674,9.2e-05,214191,0.00140791111111111
"WAB","BMS2258","TGLA53",0.001168,0.00011,265214,0.00227870188679245
"WAB","BMS527","TGLA53",0.002652,0.000182,181228,0.00471973838209983
"WAB","BMS812","TGLA53",8.6e-05,2.9e-05,245856,0.000235248677248677
"WAB","INRA133","TGLA53",0.015712,0.000545,211050,0.0225328821081831
"WAB","SPS115","TGLA53",0.004842,0.000221,261097,0.00800111182108626
"WAB","TGLA122","TGLA53",0.00345,0.000135,333975,0.00595542570951586
"WAB","TGLA44","TGLA53",0.002444,0.000203,174539,0.00441028970331588
"WAB","AGLA232","URB011",0.005462,0.000672,40763,0.00892212954186414
"WAB","BM17132","URB011",0.000852,0.000206,48563,0.00173418897637795
"WAB","BM2113","URB011",0.00042,0.000117,66396,0.000933935483870968
"WAB","BM4107","URB011",0.021108,0.00134,46726,0.0290621464713715
"WAB","BM711","URB011",0.005556,0.000408,75503,0.00905034960629921
"WAB","BMS1315","URB011",0.037736,0.000964,69450,0.0490805333333333
"WAB","BMS1747","URB011",0.005256,0.00073,38539,0.00859921518987342
"WAB","BMS1857","URB011",0.00458,0.000605,48238,0.00762595813204509
"WAB","BMS812","URB011",0.022148,0.001185,62234,0.0303324927152318
"WAB","INRA037","URB011",0.006004,0.000783,36671,0.00968507956318253
"WAB","INRA133","URB011",0.000426,0.000129,66109,0.000945244635193133
"WBNPHC","BM1706","BMS601",0.00012,0.000116,16413,0.03528
"WBNPHC","BMS2258","BMS601",0,0,13330,0
"WBNPHC","BMS1857","IL4",0,0,4866,0
"WBNPHC","BMS1747","TGLA53",2e-06,2e-06,23793,0.000784
"WBNPLB","BM1225","BM2830",0.00041,0.00041,16228,0.0267385263157895
"WBNPLB","AGLA232","BM4311",0,0,18504,0
"WBNPLB","BM4311","BMS1315",0.000432,0.000432,43751,0.0267385263157895
"WBNPLB","BMS1074","BMS1675",0.001348,0.000248,122830,0.0466249411764706
"WBNPLB","BM4107","BMS1747",0.001118,0.000877,19528,0.0453368275862069
"WBNPLB","BM757","BMS1747",0,0,33329,0
"WBNPLB","BMS1172","BMS1857",0,0,22306,0
"WBNPLB","BM1225","BMS1862",0.000694,0.000449,14611,0.0379387826086957
"WBNPLB","BM1706","BMS1862",0.000402,0.000214,25613,0.0267385263157895
"WBNPLB","BM1862","BMS1862",0.001348,0.00081,15992,0.0466249411764706
"WBNPLB","BMS2258","BMS2639",4e-04,0.000299,11934,0.0267385263157895
"WBNPLB","BMS1862","BMS410",0.000918,0.000527,19145,0.039984
"WBNPLB","BM4107","BMS510",0,0,38402,0
"WBNPLB","BMS1747","BMS510",0.00133,0.000441,38957,0.0466249411764706
"WBNPLB","BM2113","BMS527",0.00072,0.00035,16689,0.0379387826086957
"WBNPLB","BM4440","IL4",0.001292,0.000612,20643,0.0466249411764706
"WBNPLB","BMS1074","IL4",0.000314,0.000188,32076,0.0267385263157895
"WBNPLB","BMS410","IL4",0.000908,0.000598,16917,0.039984
"WBNPLB","BMS812","IL4",0.000364,0.000229,15183,0.0267385263157895
"WBNPLB","BMS1747","INRA194",0.001218,0.000481,26542,0.0466249411764706
"WBNPLB","IL4","INRA194",0.001098,0.000904,15015,0.0453368275862069
"WBNPLB","BMS1355","SPS115",4e-06,4e-06,28972,0.000672
"WBNPLB","BM1225","TGLA122",0.00018,0.000127,68960,0.01764
"WBNPLB","BMS1747","TGLA122",0.001446,0.000348,76053,0.0485856
"WBNPLB","BMS1862","TGLA122",0.000742,0.000321,57380,0.0379387826086957
"WBNPLB","BMS601","TGLA122",0.00018,0.00016,61604,0.01764
"WBNPLB","INRA194","TGLA122",3e-05,2.2e-05,74603,0.00441
"WBNPLB","BM1225","TGLA44",0.000738,0.000477,37267,0.0379387826086957
"WBNPLB","BM1824","TGLA44",0,0,44503,0
"WBNPLB","BMS2639","TGLA44",0.000798,0.000393,42387,0.039102
"WBNPLB","AGLA232","TGLA53",0.000156,0.000156,18577,0.01764
"WBNPLB","BM757","TGLA53",3.4e-05,3.4e-05,40676,0.00444266666666667
"WBNPLB","AGLA232","URB011",0,0,19033,0
"WBNPLB","BM4440","URB011",0.000426,0.000179,40307,0.0267385263157895
"WBNPLB","TGLA53","URB011",0.000916,0.000609,32862,0.039984
"WBNPNY","AGLA232","BMS1315",0,0,34080,0
"WBNPNY","BMC4214","BMS1857",0,0,13348,0
"WBNPPAD","BM1225","BMS410",7.2e-05,7.2e-05,17508,0.042336
"WBNPPAD","BM1225","IL4",0,0,8837,0
