"ID","Population","bm2830","bm143","rt9","rt24","rt27","rt29","bmc1222","bm1225","eth121","bovfsh"
"SW 1","WBNPPAD","147/153","101/103","113/113","229/229","150/150","212/224","275/277","246/252","186/200","303/321"
"SW 2","WBNPPAD","153/163","101/101","113/113","205/229","146/150","218/220","277/277",NA,"186/186","309/309"
"SW 3","WBNPPAD","153/153","101/105","113/113","205/205","146/150","206/214","275/275","240/252","186/188","309/311"
"SW 5","WBNPPAD","153/153","99/99","113/113","205/227","146/150","206/206","277/277","252/268","186/186","311/317"
"SW 6","WBNPPAD","153/159","99/109","113/113","205/205","150/150","206/206","275/275","252/268","186/200","308/311"
"SW 7","WBNPPAD","153/159","101/105","113/113","205/229","146/150","206/214","267/277","246/252","186/186","298/311"
"SW 8","WBNPPAD","153/159","101/101","113/117","205/205","150/150","218/220","275/275","252/268","186/200","303/308"
"SW 9","WBNPPAD","147/157","101/101","113/113","205/205","150/150","206/222","273/277","252/252","186/200","311/311"
"SW 10","WBNPPAD","157/163","101/103","113/113","205/205","150/150","212/220","277/277","252/272","188/200","308/311"
"SW 12","WBNPPAD","153/159","105/115","113/117","205/205","146/150","220/222","275/275","252/252","186/186","308/309"
"SW 13","WBNPPAD","153/159","99/105","113/113","205/205","150/152","206/212","267/277","246/252","186/198","303/321"
"SW 14","WBNPPAD","147/159","99/101","113/113","205/205","150/150","216/218","275/275","240/252","186/200","309/311"
"SW 15","WBNPPAD","151/159","105/105","113/113","205/205","150/150","206/206","275/277","240/252","186/200","311/311"
"SW 16","WBNPPAD","153/167","101/105","113/113","205/205","150/150","212/218","275/275","240/240","186/188","309/321"
"SW 18","WBNPPAD","147/151","99/109","113/113","205/231","150/150","212/222","275/275","240/252","200/200","303/313"
"SW 19","WBNPPAD","147/153","101/109","113/117","205/229","150/150","206/214","275/275","246/270","194/200","309/311"
"SW 20","WBNPPAD","147/159","101/115","113/113","205/205","150/150","212/212","275/277","252/268","186/200","302/311"
"PL 30","WBNPHC","147/147","101/101","113/113","205/205","150/150","212/222","273/277","268/270","186/200","309/309"
"PL 31","WBNPHC","153/163","101/101","113/117","205/205","150/150","220/220","275/275","252/252","186/200","299/309"
"PL 32","WBNPHC","147/147","101/115","113/115","229/231","150/150","206/220","275/277","240/252","186/200","302/303"
"LB 33","WBNPLB","147/167","101/101","113/115","205/229","150/150","212/212","277/277","240/252","188/200","312/321"
"LB 34","WBNPLB","153/153","101/101","113/113","229/231","150/150","212/222","267/275","268/268","186/200","309/313"
"LB 35","WBNPLB","147/147","101/101","113/113","205/205","150/150","206/222","273/275","252/252","188/200","299/309"
"LB 37","WBNPLB","153/153","101/105","113/113","205/225","146/150","214/220","267/277","240/240","188/200","298/303"
"LB 40","WBNPLB","147/163","99/101","113/113","229/229","146/150","222/224","277/277","246/252","186/194","309/309"
"SW 93","WBNPPAD","147/153","105/109","113/113","205/231","150/150","220/220","273/275","240/252","186/198","317/321"
"SW 95","WBNPPAD","153/167","101/101","113/117","205/205","150/150","220/222","275/275","252/252","200/200","296/309"
"LB 98","WBNPLB","147/153","99/101","113/113","205/205","150/150","220/220","275/277","252/252","186/186","303/321"
"LB 101","WBNPLB","147/159","99/101","113/113","205/205","150/150","206/218","275/277","264/268","188/198","309/311"
"PL 104","WBNPHC","153/153","101/101","113/113","205/205","146/150","212/218","275/275","240/252","186/200","309/311"
"PL 106","WBNPHC","149/159","99/99","113/117","205/205","150/150","206/220","273/277","268/268","186/194","321/321"
"PL 107","WBNPHC","147/153","105/105","115/117","205/229","150/150","220/220","275/275","240/252","186/186","311/321"
"NL 111","WBNPNY","147/159","101/101","113/113","205/229","150/150","220/220","275/277","252/252","186/198","308/309"
"GR108","WBNPGR","153/153","99/115","113/113","205/205","146/152","206/206","277/277","240/246","186/186","309/313"
"NL91","WBNPNY","153/159","101/105","113/113","205/229","150/150","222/222","273/275","252/252","186/200","309/309"
"NL102","WBNPNY","143/153","101/105","113/113","205/205","150/150","222/222","267/273","252/252","186/200","303/309"
"PL105","WBNPHC","153/153","99/99","113/113","205/205","150/150","206/216","275/277","252/268","186/198","299/309"
"GC 21","WBNPGR","153/159","101/105","113/113","205/229","150/150","212/220","275/275","252/272","186/200","302/313"
"GC 23","WBNPGR","147/153","99/101","113/113","205/205","146/150","212/222","275/277","252/268","186/186","296/321"
"GC 24","WBNPGR","147/153","101/101","113/115","225/229","150/150","206/220","275/275","240/252","200/200","309/313"
"GC 25","WBNPGR","147/147","101/101","113/117","205/205","150/150","222/224","275/277","252/268","200/200","311/322"
"GC 26","WBNPGR","153/153","99/115","113/113","205/229","150/150","212/212","275/277","240/246","186/198","309/313"
"GC 27","WBNPGR","153/153","101/101","113/113","205/205","150/150","214/220","273/275","252/268","200/200","298/309"
"GC 28","WBNPGR","147/153","105/109","113/113","205/231","146/150","212/222","273/277","268/270","194/200","302/302"
"PL 29","WBNPHC","153/159","99/101","113/117","205/229","150/150","212/222","275/277","240/240","186/200","309/309"
"PL 42","WBNPHC","153/165","99/101","113/113","205/205","150/150","214/220","277/277","240/252","186/200","302/310"
"PL 43","WBNPHC","147/153","99/115","113/113","205/205","146/150","206/222","273/275","240/248","186/186","309/311"
"PL 44","WBNPHC","153/167","101/105","113/113","205/229","150/150","212/220","273/277","240/252","200/200","309/309"
"PL 45","WBNPHC","147/149","101/111","113/117","205/205","150/150","206/220","275/275","252/268","186/186","303/321"
"PL 46","WBNPHC","163/163","101/105","113/117","205/229","150/150","206/212","275/275","246/252","200/200","299/303"
"PL 47","WBNPHC","147/151","99/101","113/113","205/213","150/150","212/220","273/275","240/252","186/186","308/317"
"PL 48","WBNPHC","153/153","101/105","113/113","205/213","146/150","220/220","275/275","246/252","186/200","317/317"
"PL 49","WBNPHC","153/153","101/103","113/113","205/205","150/150","206/218","275/277","270/270","198/200","309/309"
"PL 52","WBNPHC","149/159","99/115","113/117","205/205","150/150","206/220","273/277","268/268","186/194","321/321"
"PL 53","WBNPHC","147/153","99/103","113/115","205/205","150/150","206/206","275/275","246/252","186/188","302/309"
"PL 54","WBNPHC","147/153","101/101","113/113","229/231","146/150","206/212","275/277","246/252","186/186","309/317"
"PL 55","WBNPHC","153/167","101/105","113/117","205/229","150/150","206/206","277/277","252/268","186/200","309/309"
"PL 56","WBNPHC","153/165","103/111","113/113","229/229","150/150","212/220","275/275","246/268","198/200","309/309"
"PL 57","WBNPHC","153/153","105/111","113/113","205/229","146/150","206/222","275/275","252/268","186/198","298/309"
"LB 36","WBNPLB","153/159","101/105","113/117","205/229","150/150","206/212","275/277","246/252","200/200","303/303"
"LB 38","WBNPLB","153/167","99/101","113/113","205/229","146/150","220/220","275/275","240/252","186/186","299/309"
"LB 39","WBNPLB","153/153","101/103","113/113","205/205","150/150","206/218","275/275","240/252","186/200","296/302"
"LB 41","WBNPLB","153/165","105/105","113/113","205/205","150/150","212/212","267/273","252/252","200/200","303/308"
"NL89","WBNPNY","153/159","101/105","113/113","205/225","146/146","206/206","273/275","240/252","200/200","296/311"
"SW96","WBNPPAD","147/167","101/101","113/115","205/205","148/150","212/224","275/277","268/270","186/200","309/311"
"NL103","WBNPNY","153/153","101/101","113/113","229/231","146/150","206/214","275/277","252/252","186/186","303/308"
"NL109","WBNPNY","153/153","101/101","113/113","205/205","146/150","220/222","277/277","252/268","186/200","303/303"
"PL50?","WBNPHC","153/153","105/105","113/117","205/229","148/150","218/220","277/277","240/268","186/186","309/310"
"PL51?","WBNPHC","153/165","103/111","113/113","229/229","150/150","212/220","275/275","246/268","198/200","309/311"
"SW92","WBNPPAD","153/153","101/103","113/113","205/205","150/150","206/206","267/273","244/268","200/200","302/321"
"NP60","WBNPNY","153/153","101/101","113/113","205/229","150/150","220/220","275/275","252/268","200/200","303/309"
"NP61","WBNPNY","153/153","101/105","113/113","205/225","150/150","220/222","273/275","252/268","186/200","303/309"
"Lake 1 66","WBNPNY","147/153","101/101","113/113","205/229","146/150","212/220","277/277","252/268","186/186","309/321"
"NL81","WBNPNY","147/167","99/99","113/115","205/229","146/150","206/222","273/275","240/268","186/186","309/309"
"SW97","WBNPPAD","149/153","99/101","113/113","205/205","146/150","212/214","275/275","240/268","186/194","311/322"
"LB99","WBNPLB","153/153","101/101","113/113","205/205","146/150","212/222","273/273","252/268","186/200","303/303"
"NL110","WBNPNY","153/153","99/101","113/113","205/229","146/150","206/212","275/277","252/268","186/200","309/309"
"NL67","WBNPNY","147/153","101/101","113/113","205/229","146/150","206/214","275/275","240/252","186/200","316/316"
"NL90","WBNPNY","143/159","101/101","113/113","205/229","146/150","206/222","275/275","252/268","186/200","302/309"
"NL 82","WBNPNY","147/159","99/99","113/117","205/229","146/150","206/222","275/277","252/252","186/198","311/313"
"LB 100","WBNPLB","147/159","101/101","113/113","205/205","150/150","222/222","275/275","252/268","186/200","309/309"
"Bison-Blood-1","EINPW","153/153","101/105","113/113","205/229","146/150","206/206","277/277","252/252","200/200","309/309"
"Bison-Blood-2","EINPW","151/153","101/101","113/117","205/231","150/150","222/222","275/277","252/252","186/200","303/309"
"Bison-Blood-3","EINPW","153/155","105/105","113/113","205/205","150/150","220/220","275/277","252/252","186/200","309/321"
"Bison-Blood-4","EINPW","147/167","105/105","113/117","205/205","146/150","222/222","277/277","248/268","200/200","309/313"
"Bison-Blood-5","EINPW","153/167","105/105","113/113","205/205","150/150","220/220","277/277","252/252","186/200","303/309"
"Bison-Blood-6","EINPW",NA,"101/101","117/117","205/229","150/150","206/212","275/275","252/252","198/200","309/309"
"Bison-Blood-7","EINPW","147/147","99/101","113/113","205/229","150/150","206/206","277/277","252/270","200/200","309/317"
"Bison-Blood-8","EINPW","147/153","105/105","113/115","205/231","150/150","220/222","275/277","252/252","198/198","317/321"
"Bison-Blood-10","EINPW","153/167","101/101","113/117","205/205","146/150","212/212","275/277","252/270","186/200","309/321"
"Bison-Blood-11","EINPW","147/167","105/105","113/113","205/205","146/146","206/206","275/275","252/252","200/200","309/321"
"Bison-Blood-13","EINPW","147/153","101/101","113/117","205/229","150/150","212/222","275/277","252/252","186/200","309/309"
"Bison-Blood-14","EINPW","153/153","105/105","113/113","205/205","150/150","220/222","273/277","240/252","186/200","309/311"
"Bison-Blood-15","EINPW","153/153","101/105","113/113","205/205","146/150",NA,"275/275","240/252","200/200","299/309"
"Bison-Blood-16","EINPW","153/167","101/105","113/117","205/229","150/150","206/220","275/277","252/252","186/200","299/313"
"Bison-Blood-17","EINPW","147/153","105/109","113/113","205/205","146/150","212/212","277/277","252/268","186/200","309/309"
"Bison-Blood-19","EINPW","155/167","105/105","113/113","205/205","146/150","206/222","275/275","252/252","200/200","309/321"
"Bison-Blood-20","EINPW","153/153","101/105","113/113","205/229","150/150","206/222","273/275","252/252","198/200","309/309"
"Bison-Blood-21","EINPW","153/153","101/105","113/113","205/205","146/150","206/206","277/277","252/268","186/186","309/309"
"Bison-Blood-22","EINPW","147/153","105/105","113/113","205/205","150/150","220/220","273/277","252/252","200/200","303/311"
"Bison-Blood-23","EINPW","153/153","101/105","113/113","205/205","150/150","220/222","277/277","248/252","200/200","309/311"
"Bison-Blood-24","EINPW","153/153","101/101","113/113","205/205","150/150","212/222","275/277","252/252","186/200","309/321"
"Bison-Blood-27","EINPW","147/165","101/101","113/113","205/229","150/150","212/212","273/275","240/268","186/186","299/309"
"Bison-Blood-30","EINPW","147/153","101/101","113/113","205/205","150/150","206/206","275/277","252/252","200/200","309/309"
"Bison-Blood-39","EINPW","153/153","105/105","113/113","205/205","150/150","206/206","273/275","252/252","186/198","303/321"
"Bison-Blood-40","EINPW","147/153","101/105","113/113","205/205","146/150","222/222","275/277","252/268","186/200","303/309"
"Bison-Blood-43","EINPW","147/153","101/105","113/117","205/205","146/150",NA,"275/277","252/252","186/186","299/303"
"Bison-Blood-47","EINPW","147/153","105/105","113/113","205/229","146/150","206/206","275/277","252/252","186/186","309/309"
"Bison-Blood-102","EINPW","153/153","105/105","113/113","205/205","150/150","222/222","275/277","252/252","186/200","299/321"
"Bison-Blood-105","EINPW","153/153","105/105","113/113","205/205","150/150","222/222","275/277","240/252","186/200","309/311"
"Bison-Blood-108","EINPW","147/165","105/105","113/113","205/205","150/150","220/222","275/277","252/252","186/186","309/321"
"P84030","EINPP","159/159","105/115","113/113","225/225","150/150","220/224","267/275","240/252","186/186","309/309"
"P00330","EINPP","157/163","105/115","113/117","205/225","150/150","216/224","275/275","240/270","186/186","321/322"
"P0046","EINPP","159/159","115/115","113/117","205/205","150/150","212/214","267/275","240/240","200/200","313/313"
"P0091","EINPP","157/159","101/115","113/113","205/205","150/150","212/212","267/275","248/252","194/200","296/310"
"P81037","EINPP","151/163","105/111","113/113","205/205","150/150","224/224","275/275","240/270","186/186","309/321"
"P84013","EINPP","151/159","105/111","113/117","205/231","150/150","206/214","275/275","240/244","200/200","296/296"
"P84015","EINPP","151/163","101/115","113/113","205/231","150/150","220/224","275/275","240/244","186/194","321/321"
"P84035","EINPP","163/165","111/115","113/113","205/205","150/150","218/220","275/275","240/240","186/200","309/309"
"P84063","EINPP","151/157","101/101","115/117","205/225","150/150","212/214","267/275","268/270","186/186","308/321"
"P85027","EINPP","159/163","115/115","113/117","205/229","150/150","212/224","275/275","240/270","186/200","322/322"
"P85028","EINPP","153/159","101/103","113/113","205/205","150/150","212/224","267/275","240/244","186/200","308/309"
"P85030","EINPP","159/163","101/101","113/113","205/213","148/150","212/218","267/267","244/244","186/186","308/308"
"P85032","EINPP","159/159","101/115","117/117","205/205","150/150","206/218","267/275","252/252","200/200","298/302"
"P85033","EINPP","159/159","111/115","113/113","205/205","150/150","212/214","275/275","240/252","200/200","309/310"
"P85034","EINPP","151/163","105/115","113/113","205/225","150/150","206/218","267/275","240/252","186/188","298/298"
"P86057","EINPP","159/159","101/105","113/113","205/205","150/150","212/218","275/275","240/252","186/200","321/321"
"P86059","EINPP","153/159","101/103","113/115","205/229","150/150","224/224","267/275","240/246","200/200","309/313"
"P86061","EINPP","157/163","101/115","117/117","205/213","148/150","212/212","267/275","248/248","186/186","309/309"
"P86063","EINPP","153/163","101/105","117/117","205/205","150/150","212/212","267/267","240/248","186/188","308/308"
"P86064","EINPP","159/163","115/115","113/113","205/205","150/150","212/224","275/275","244/252","186/186","296/310"
"PR88064","EINPP","163/163","101/103","113/113","205/205","146/150","220/220","267/275","240/248","188/200","310/310"
"P2V687-59","EINPP","153/163","105/115","113/117","205/205","150/150","206/214","275/275","240/270","186/194","302/302"
"P2V687-63","EINPP","159/163","103/105","115/117","205/229","150/150","214/220","275/275","240/268","200/200","308/310"
"P2V687-67","EINPP","143/159","115/115","113/115","205/225","150/150","218/218","267/275","240/240","200/200","321/321"
"P2V687-69","EINPP","159/159","101/111","113/117","205/213","150/150","214/224","267/275","240/244","188/200","321/321"
"P2V687-70","EINPP","151/165","111/115","117/117","205/205","150/150","216/224","275/275","240/240","186/200","308/309"
"W81018","EINPP","147/153","105/105","113/113","205/229","146/150","220/222","273/277","252/268","186/186","311/321"
"P00084","EINPP","151/153","101/111","113/117","205/205","150/150","212/224","267/275","240/244","186/188","303/308"
"P00077","EINPP","151/159","111/115","113/117","205/225","150/150","212/220","275/275","238/252","186/200","309/321"
"P2V687-65","EINPP","159/163","105/111","113/117","225/231","150/150","206/218","267/275","240/240","188/200","308/321"
"P2V687-72","EINPP","159/159","103/103","113/113","205/225","146/150","216/220","275/275","240/244","186/200","321/321"
"P00264","EINPP","159/163","101/115","113/113","205/205","150/150","216/218","275/275","244/252","188/194","321/322"
"Bison-12_20","RL","153/157","109/111","113/113","205/205","150/150","206/212","275/277","246/268","186/198","302/309"
"Bison-12_21","RL","147/159","101/101","113/113","205/205","146/150","206/212","275/275","246/252","186/186","311/321"
"Bison-12_22","RL","153/159","101/109","113/113","205/205","146/150","206/206","275/275","252/268","186/186","302/311"
"Bison-12_23","RL","153/157","101/111","113/113","205/205","146/150","206/220","275/275","268/268","186/198","302/302"
"Bison-12_24","RL","153/153","101/101","113/113","205/205","150/150","220/220","275/275","246/252","186/186","302/321"
"Bison-12_25","RL","157/157","101/109","113/113","205/205","150/150","206/206","275/277","240/246","186/198","302/309"
"Bison-12_26","RL","153/163","101/111","113/113","205/205","150/150","218/220","277/277","252/268","186/198","302/309"
"Bison-12_27","RL","153/153","101/101","113/113","205/205","150/150","220/220","275/275","246/246","186/200","309/321"
"Bison-2272","MBS","153/153","99/99","113/113","205/205","150/150","212/212","275/275","252/252","186/186","311/313"
"Bison-2276","MBS","153/167","105/109","113/113","205/229","146/150",NA,"275/275","252/268","186/186","303/303"
"Bison-2277","MBS","147/153","99/101","113/115","205/205","150/150","218/220","275/275","252/268","186/186","303/303"
"Bison-2283","MBS","153/167","99/99","113/115","229/229","150/150","220/220","275/275","252/268","186/186","303/317"
"Bison-2289","MBS","153/167","99/115","113/113","205/229","150/150",NA,"275/275","252/252","186/186","303/311"
"Bison-2295","MBS","147/153","101/115","113/113","205/205","150/150","212/212","273/275","252/252","186/184","303/309"
"Bison-2296","MBS","147/153","99/115","113/113","205/205","146/150","218/220","275/275","252/252","186/186","311/321"
"Bison-2310","MBS","147/147","99/101","113/113","205/205","150/150","212/220","275/277","252/252","186/186","303/308"
"Bison-RainbowLake1","HZ","153/167","101/105","113/117","205/205","150/150","206/206","273/277","252/268","186/200","309/321"
"Bison-Chinchaga-2","HZ","153/153","105/105","113/117","205/229","150/150","218/222","273/277","252/252","186/186","309/309"
"Bison-BisonSteak1","HZ","153/163","101/105","113/113","205/205","150/150","212/212","275/275","240/246","186/186",NA
"Bison-GardenierRiver1","HZ","153/165","99/105","113/113","205/229","146/150","212/220","275/277","252/268","186/200","309/309"
"Bison-GardenierRiver2","HZ","159/163","101/101","113/113","229/229","146/150","206/212","275/275","252/252","186/194",NA
"Bison-Chinchaga-1","HZ","153/153","101/101","113/113","205/205","146/150","222/222","273/275","240/252","186/186","309/309"
"Bison-CHIN613","HZ","153/153","105/105","113/113","205/205","146/150","206/222","275/277","240/268","186/186",NA
"Bison-12_14","RL","147/153","101/109","113/113","205/229","146/150","220/220","275/275","246/252","186/186","299/302"
"Bison-12_17","RL","153/157","101/101","113/113","205/205","146/150","206/220","275/275","246/252","186/186","302/311"
"Bison-12_19","RL","147/159","101/109","113/113","205/205","146/150","212/220","275/275","240/252","186/186","303/309"
"Bison-RonaldLakeFetus","RL","147/157","101/109","113/113","205/205","146/150","220/220","275/275","246/252","186/186","299/309"
"Bison-Irvine-1","RL","147/153","105/105","113/117","205/229","146/150","206/220","275/277","248/252","186/186","309/309"
"Bison-12-12","RL","157/163","101/101","113/117","205/205","150/150","206/220","275/275","252/268","186/186","302/302"
"Bison-12-13","RL","147/153","101/101","113/113","205/205","146/150","212/220","275/275","240/252","186/186","302/311"
"Bison-12-14B","RL","147/163","101/109","113/113","205/205","150/150","206/206","275/275","246/252","186/186","302/302"
"Bison-12-15","RL","153/157","99/109","113/113","205/205","150/150",NA,"275/275","240/246","186/186","309/311"
"Bison-12-16","RL","153/153","101/101","113/113","205/205","150/150","218/220","275/275","246/246","186/186","299/311"
"Bison-12-17B","RL","153/153","101/101","113/113","205/229","150/150","218/220","275/275","246/252","186/186","302/311"
"Bison-12-18","RL","147/153","101/101","113/113","205/205","146/150","206/206","275/275","246/252","186/186","311/321"
"Bison-12-19B","RL","147/159","101/109","113/113","205/205","150/150","212/220","275/275","240/252","186/200","303/311"
"Bison-12_28","RL","153/153","101/101","113/117","205/205","150/150","206/220","275/275","252/268","186/186","309/311"
"Bison-12_29","RL","147/157","101/101","113/113","205/205","146/150","206/212","275/275","246/252","186/186","302/303"
"Bison-12_30","RL","147/153","101/101","113/113","205/205","150/150","206/212","275/275","246/246","186/186","302/321"
"Bison-12_31","RL","157/163","101/109","113/113","205/205","146/150","206/212","275/275","246/268","186/186","302/321"
"Bison-11_01","WENT","147/163","99/111","113/113","205/205","146/150","206/212","277/277","252/268","186/200","308/317"
"Bison-11_02","WENT","167/167","101/111","113/113","205/229","150/150","220/220","273/277","246/268","186/184","309/309"
"Bison-11_03","WENT","147/167","105/105","113/115","205/205","150/150","220/220","275/275","252/268",NA,"303/308"
"Bison-11_04","WAB","149/151","101/101","113/115","205/205","150/152","212/212","275/275","240/248","184/184","311/321"
"Bison-11_05","WAB","153/167","101/101","113/113","205/205","150/152","220/220","273/275","252/252","184/194","311/321"
"Bison-11_06","WAB","147/149","101/101","113/113","205/227","146/150","212/212","267/273","252/268","186/194","309/311"
"Bison-11_07","WAB","149/153","101/101","115/115","205/205","150/152","206/212","267/273","248/252",NA,"311/326"
"Bison-11_08","WENT","153/159","101/111","113/113","225/229","146/150","212/212","275/275","252/268","186/200","308/309"
"Bison-11_09","WENT",NA,NA,NA,NA,NA,NA,NA,NA,NA,NA
"Bison-11_10","WENT","153/159","101/111","113/113","205/205","150/150","206/220","275/277","252/252","186/200","309/317"
"Bison-11_11","WENT","153/167","101/109","113/113","229/229","146/150","212/220","273/275","252/268","200/200","299/303"
"Bison-12_01","WAB","147/153","101/101","113/113","227/227","146/152","212/212","273/275","268/268","184/194","309/311"
"Bison-12_02","WAB","149/149","101/115","113/113","227/231","150/150","224/224","267/273","238/268","184/194","311/321"
"Bison-12_03","WAB","149/167","101/101","113/113","205/205","150/152","224/224","273/275","252/252","194/200","311/321"
"Bison-12_05","WAB","149/149","101/101","113/113","205/225","146/150","212/212","273/275","248/268","184/200","310/311"
"Bison-12_06","WAB","153/153","101/101","113/115","227/231","146/150","212/212","267/275","238/268","186/194","311/311"
"Bison-12_07","WAB","147/153","101/101","113/113","205/227","150/152","224/224","275/277","252/268","184/194","311/326"
"Bison-12_08","WAB","149/167","101/101","113/113","205/205","152/152","224/224","273/275","252/252","194/194","311/321"
"Bison-12_09","RL","153/153","109/111","113/113","205/205","150/150","220/220","275/275","252/268","186/200","302/321"
"Bison-12_10","RL","153/157","101/101","113/113","205/205","146/150","220/220","275/275","246/252","186/200","302/309"
"Bison-12_11","RL","153/153","101/101","113/113","205/205","146/150","206/206","275/275","252/268","186/200","303/311"
"Bison-4","HZ","153/153","101/105","113/115","205/205","150/150","206/212","277/277","248/248","186/200","299/299"
"Bison-28","HZ","147/153","105/105","113/113","205/205","150/150","220/222","277/277","252/252","200/200","309/321"
"Bison-33","HZ","147/153","105/105","113/117","205/205","146/150","206/206","277/277","252/252","186/200","299/321"
"Bison-36","HZ","153/153","101/101","113/113","205/205","150/150","206/222","275/277","252/268","186/200","309/321"
"Bison-38","HZ","153/159","101/105","113/117","205/205","150/150","206/212","277/277","252/252","186/200","311/317"
"Bison-41","HZ","153/159","105/105","113/113","205/229","146/150","206/206","275/277","248/248","186/200","299/309"
"Bison-45","HZ","153/153","101/105","113/117","205/229","146/150","220/220","275/275","252/252","186/186","309/311"
"Bison-48","HZ","153/159","101/105","113/115","205/229","146/146",NA,"275/277","248/252","186/200","299/321"
"Bison-52","HZ","153/153","105/105","113/113","205/205","146/150","220/220","275/277","248/252","186/186","309/309"
"Bison-54","HZ","147/153","101/105","113/113","205/205",NA,"206/220","275/277","248/252","200/200",NA
"Bison-55","HZ","153/153","101/101","113/113","205/205","150/150","220/220","275/275","252/252","186/200","309/309"
"Bison-57","HZ","153/153","101/105","113/113","205/205","150/150","220/220","275/275","248/252","186/200","309/321"
"Bison-68","HZ","147/153","101/105","113/117","205/205","146/146","206/206","275/277","252/268","200/200","309/321"
"Bison-71","HZ","153/153","105/105","113/113","205/229","146/146",NA,"277/277","252/252","186/200","299/309"
"Bison-90","HZ","153/159","101/101","113/115","229/231","146/150","220/220","273/277","252/252","200/200","299/311"
"Bison-92","HZ","147/153","105/105","113/117","205/229","150/150","206/220","275/277","248/252","186/200","309/309"
"Bison-95","HZ","153/153","101/105","113/117","205/205","146/146","220/220","275/277","252/268","186/186","321/321"
"Bison-96","HZ","147/153","101/105","113/117","205/205",NA,"206/220","275/275","252/252","200/200",NA
"Bison-98","HZ","147/153","101/105","113/117","205/205","150/150","212/212","275/277","240/252","200/200","309/321"
"Bison-100","HZ","155/159","101/105","113/117","205/229","146/146","206/206","277/277","248/252","200/200","299/311"
"Bison-135","HZ","153/153","105/105","113/115","205/205","150/150","206/220","275/277","248/248","186/200","309/309"
"Bison-136","HZ","147/153","105/105","113/117","205/229","146/150","220/220","277/277","248/252","186/200","309/321"
"Bison-154","HZ","147/153","101/105","113/113","205/229",NA,"206/206","275/277","252/252",NA,NA
"Bison-155","HZ","147/153","99/105","113/113","205/205",NA,NA,"277/277","248/252","186/200","321/321"
"Bison-170","HZ","147/155","105/105","113/113","205/205","146/150","222/222","277/277","252/252","186/200","309/321"
"Bison-174","HZ","147/167","105/105","113/117","205/205","150/150","206/220","275/277","248/252","186/200","309/321"
"Bison-177","HZ","159/159","101/105","113/113","205/229","150/150","206/222","275/277","248/248","186/200","299/309"
"Bison-178","HZ","147/167","101/105","113/113","205/205","150/150","212/212","275/277","248/252","186/186","321/321"
"Bison-180","HZ","147/153","105/105","113/113","205/205","146/150","220/220","275/277","248/268","186/186","299/321"
"Bison-186","HZ","153/153","99/105","115/117","205/205",NA,"220/220","275/275","248/248",NA,NA
"Bison-192","HZ","147/153","105/105","113/113","205/205","146/150","206/206","275/277","252/252","186/200","309/311"
"Bison-221","HZ","147/153","101/105","113/117","205/229","150/150","206/220","275/277","248/252","186/186","299/309"
"Bison-227","HZ","147/153","101/105","113/113","205/229","146/150","206/206","277/277","248/252","186/186","311/321"
"Bison-236","HZ","153/159","101/101","113/113","205/205",NA,"206/206","277/277","248/252","186/186","309/320"
"Bison-269","HZ","153/153","101/105","113/113","205/205","146/146",NA,"275/277","252/268","186/186","309/321"
"Bison-346","HZ","153/153","101/101","113/115","205/229","146/150","206/206","275/275","248/252","186/200","309/317"
"Bison-2161","MBS","147/153","101/115","113/113","205/205","150/150","212/212","273/275","252/268","186/200","303/311"
"Bison-2162","MBS","159/167","101/111","113/117","205/205","146/150","218/218","277/277","252/252","186/200","303/317"
"Bison-2163","MBS","153/153","99/115","113/113","229/229","150/150","220/220","275/275","252/252","186/186","299/302"
"Bison-2165","MBS","153/153","101/101","113/115","205/229","150/150","212/212","275/275","252/252","186/186","303/309"
"Bison-2166","MBS","153/165","99/101","113/117","205/205","150/150","212/212","275/275","252/252","186/200","303/309"
"Bison-2171","MBS","147/153","101/115","113/113","205/205","150/150","220/220","275/275","240/252","186/200","299/308"
"Bison-2176","MBS","153/159","99/115","113/113","205/205","150/150","212/220","275/275","240/252","186/186","299/303"
"Bison-2177","MBS","153/153","99/105","113/113","229/229","150/150","218/222","275/275","252/252","186/186","302/321"
"Bison-2182","MBS","147/153","99/105","113/115","205/205","150/150","206/222","275/275","252/252","186/186","309/309"
"Bison-2186","MBS","153/153","99/115","113/113","205/229","150/150","212/212","275/275","240/240","186/186","303/311"
"Bison-2187","MBS","153/153","105/115","113/117","205/229","150/150","220/220","275/275","252/252","186/186","309/311"
"Bison-2188","MBS","153/167","99/101","113/113","205/229","146/150","212/212","275/275","268/268","186/186","299/299"
"Bison-2190","MBS","147/153","99/115","113/117","205/205","150/150","220/220","273/275","252/252","186/184","299/309"
"Bison-2198","MBS","153/163","105/115","113/115","205/229","150/150","220/220","275/277","240/268","186/186","311/313"
